License_No,Driver_NID,Issue_Date,Validity_Date,Type,Div_ID
6546216272,2856532578,04-Feb-2017,"ADD_MONTHS(04-Feb-2017, 120 )",Heavy,20
2274168911,1621008878,04-Mar-2009,"ADD_MONTHS(04-Mar-2009, 120 )",Motor Cycle,58
9210382633,3724593007,04-Feb-2015,"ADD_MONTHS(04-Feb-2015, 120 )",Light,12
3116459738,5734885800,25-Oct-1996,"ADD_MONTHS(25-Oct-1996, 120 )",Motor Cycle,52
5885322392,4250897915,25-Nov-2000,"ADD_MONTHS(25-Nov-2000, 120 )",Heavy,76
2409518591,9855226666,29-Oct-2013,"ADD_MONTHS(29-Oct-2013, 120 )",Heavy,25
5881621824,8091886772,22-Feb-1973,"ADD_MONTHS(22-Feb-1973, 120 )",Light,22
2993950045,4220390286,10-Feb-2006,"ADD_MONTHS(10-Feb-2006, 120 )",Light,18
0712169539,1428477926,28-Jul-2012,"ADD_MONTHS(28-Jul-2012, 120 )",Medium,8
2331968721,7214214814,20-Oct-2015,"ADD_MONTHS(20-Oct-2015, 120 )",Motor Cycle,24
1565085779,4725051683,25-Jan-1994,"ADD_MONTHS(25-Jan-1994, 120 )",Heavy,92
8518059682,7150888291,06-Oct-1979,"ADD_MONTHS(06-Oct-1979, 120 )",Light,65
2088303448,9677862529,02-Dec-2005,"ADD_MONTHS(02-Dec-2005, 120 )",Motor Cycle,21
3881882987,2984673913,08-May-1973,"ADD_MONTHS(08-May-1973, 120 )",Light,23
0155026518,2299604448,31-Oct-2006,"ADD_MONTHS(31-Oct-2006, 120 )",Motor Cycle,10
3667441673,1020713410,08-Feb-1988,"ADD_MONTHS(08-Feb-1988, 120 )",Motor Cycle,43
4221049685,7713204369,11-Jan-1973,"ADD_MONTHS(11-Jan-1973, 120 )",Medium,59
2036898637,0173102352,02-Feb-1988,"ADD_MONTHS(02-Feb-1988, 120 )",Motor Cycle,72
1399046713,9181144644,02-Sep-2008,"ADD_MONTHS(02-Sep-2008, 120 )",Medium,16
5980965947,2942770740,07-Oct-1994,"ADD_MONTHS(07-Oct-1994, 120 )",Light,54
6222327214,1599702347,13-May-1989,"ADD_MONTHS(13-May-1989, 120 )",Light,59
6431191013,7585383800,06-Jul-2014,"ADD_MONTHS(06-Jul-2014, 120 )",Motor Cycle,79
8593637663,1879826038,17-Nov-2011,"ADD_MONTHS(17-Nov-2011, 120 )",Light,40
2158581425,2990900160,01-Jul-1975,"ADD_MONTHS(01-Jul-1975, 120 )",Light,39
9695996876,3121110993,17-Jul-1986,"ADD_MONTHS(17-Jul-1986, 120 )",Light,40
9717006504,6104739318,24-Jul-1982,"ADD_MONTHS(24-Jul-1982, 120 )",Light,62
1676435484,8267874321,15-May-1979,"ADD_MONTHS(15-May-1979, 120 )",Motor Cycle,28
2582289248,2618674057,23-Dec-1975,"ADD_MONTHS(23-Dec-1975, 120 )",Motor Cycle,53
8741688864,9911287327,17-Nov-1974,"ADD_MONTHS(17-Nov-1974, 120 )",Heavy,82
8059618229,6638936638,28-Aug-2003,"ADD_MONTHS(28-Aug-2003, 120 )",Medium,82
2148151851,8654329556,26-Feb-1970,"ADD_MONTHS(26-Feb-1970, 120 )",Heavy,67
9024438918,6315949835,01-Jan-2007,"ADD_MONTHS(01-Jan-2007, 120 )",Light,23
5510474203,2631109082,12-Jan-1987,"ADD_MONTHS(12-Jan-1987, 120 )",Medium,88
0451900405,3183494124,23-Dec-2004,"ADD_MONTHS(23-Dec-2004, 120 )",Medium,78
9051009135,5733447362,05-Jan-1994,"ADD_MONTHS(05-Jan-1994, 120 )",Motor Cycle,57
8039276314,5743677670,27-May-1979,"ADD_MONTHS(27-May-1979, 120 )",Light,60
4600082818,4415801420,01-Apr-2008,"ADD_MONTHS(01-Apr-2008, 120 )",Light,23
8286573536,3324828473,08-Jan-2011,"ADD_MONTHS(08-Jan-2011, 120 )",Motor Cycle,5
6137351173,2362441911,22-Oct-1987,"ADD_MONTHS(22-Oct-1987, 120 )",Heavy,29
8865897562,9074765939,02-May-2014,"ADD_MONTHS(02-May-2014, 120 )",Light,7
2891669509,0823365727,30-Jul-1989,"ADD_MONTHS(30-Jul-1989, 120 )",Light,59
6455910427,9245214354,11-Apr-2010,"ADD_MONTHS(11-Apr-2010, 120 )",Heavy,80
3649643383,3613212625,10-Aug-2001,"ADD_MONTHS(10-Aug-2001, 120 )",Heavy,32
9874371021,5214258526,07-Mar-1977,"ADD_MONTHS(07-Mar-1977, 120 )",Motor Cycle,61
2613371102,6842583675,18-Oct-2001,"ADD_MONTHS(18-Oct-2001, 120 )",Heavy,56
2135497126,2976288283,24-Aug-1978,"ADD_MONTHS(24-Aug-1978, 120 )",Motor Cycle,46
0289959268,0668715200,18-Jun-1994,"ADD_MONTHS(18-Jun-1994, 120 )",Light,12
4049416077,7075731424,31-Aug-2012,"ADD_MONTHS(31-Aug-2012, 120 )",Motor Cycle,27
4658493454,0543904903,12-Jul-2016,"ADD_MONTHS(12-Jul-2016, 120 )",Heavy,63
3483994319,5812733473,05-Sep-1981,"ADD_MONTHS(05-Sep-1981, 120 )",Light,1
1440886164,4220064524,12-Jun-2010,"ADD_MONTHS(12-Jun-2010, 120 )",Light,61
2047242142,5812136270,21-Nov-1998,"ADD_MONTHS(21-Nov-1998, 120 )",Medium,40
4025893878,1382673167,17-Sep-2016,"ADD_MONTHS(17-Sep-2016, 120 )",Motor Cycle,36
0667605061,4174493510,13-Aug-1990,"ADD_MONTHS(13-Aug-1990, 120 )",Heavy,44
7803571786,6762557902,25-May-1986,"ADD_MONTHS(25-May-1986, 120 )",Light,31
3154056157,5646757444,09-May-2012,"ADD_MONTHS(09-May-2012, 120 )",Medium,31
1548165182,6897242284,07-Mar-1982,"ADD_MONTHS(07-Mar-1982, 120 )",Light,91
3380082244,3983798020,31-Jul-1978,"ADD_MONTHS(31-Jul-1978, 120 )",Heavy,57
6617495136,7798704310,02-Jan-1984,"ADD_MONTHS(02-Jan-1984, 120 )",Motor Cycle,44
2200657552,2780073977,08-May-1970,"ADD_MONTHS(08-May-1970, 120 )",Medium,45
3459848286,6300639568,22-Dec-2015,"ADD_MONTHS(22-Dec-2015, 120 )",Light,70
8478285415,4802399448,16-Apr-1995,"ADD_MONTHS(16-Apr-1995, 120 )",Heavy,75
7281159110,0625975146,27-Apr-1970,"ADD_MONTHS(27-Apr-1970, 120 )",Medium,22
4280383162,6446913176,14-Dec-1996,"ADD_MONTHS(14-Dec-1996, 120 )",Motor Cycle,96
2474184465,5416048077,13-Oct-1994,"ADD_MONTHS(13-Oct-1994, 120 )",Light,50
2456727975,0975720503,16-Jun-2013,"ADD_MONTHS(16-Jun-2013, 120 )",Heavy,53
8423363740,7681502939,13-May-1987,"ADD_MONTHS(13-May-1987, 120 )",Heavy,40
3397168910,5730633033,04-Feb-1988,"ADD_MONTHS(04-Feb-1988, 120 )",Motor Cycle,55
6386239415,4009236183,26-Sep-1999,"ADD_MONTHS(26-Sep-1999, 120 )",Motor Cycle,49
6202264063,4412908488,07-Aug-2008,"ADD_MONTHS(07-Aug-2008, 120 )",Heavy,4
7676299942,0976512521,02-Nov-1982,"ADD_MONTHS(02-Nov-1982, 120 )",Medium,59
3420278861,8341274183,13-May-1978,"ADD_MONTHS(13-May-1978, 120 )",Heavy,7
4567368193,8332176271,20-Mar-2017,"ADD_MONTHS(20-Mar-2017, 120 )",Heavy,60
0750856122,0382389352,16-Jan-1998,"ADD_MONTHS(16-Jan-1998, 120 )",Medium,55
9229851205,0898654742,05-Feb-1980,"ADD_MONTHS(05-Feb-1980, 120 )",Light,33
4916373979,9390880173,24-Jul-2010,"ADD_MONTHS(24-Jul-2010, 120 )",Heavy,73
8902947165,6566483357,21-Aug-2005,"ADD_MONTHS(21-Aug-2005, 120 )",Light,93
8826570779,9217570265,08-Mar-2013,"ADD_MONTHS(08-Mar-2013, 120 )",Light,60
1897289286,6274342400,12-Sep-2012,"ADD_MONTHS(12-Sep-2012, 120 )",Motor Cycle,57
8960339458,9560600451,31-May-1974,"ADD_MONTHS(31-May-1974, 120 )",Heavy,35
3495750894,9854703649,06-Jul-2017,"ADD_MONTHS(06-Jul-2017, 120 )",Light,95
1087866901,8126425989,17-Jun-2008,"ADD_MONTHS(17-Jun-2008, 120 )",Light,64
0599458968,1366697669,22-Jan-1974,"ADD_MONTHS(22-Jan-1974, 120 )",Motor Cycle,77
2524787605,3996016328,12-Nov-1973,"ADD_MONTHS(12-Nov-1973, 120 )",Medium,27
2588961223,0607829060,20-Oct-2006,"ADD_MONTHS(20-Oct-2006, 120 )",Medium,22
6180597650,0366892045,01-Jul-1972,"ADD_MONTHS(01-Jul-1972, 120 )",Light,18
0588119261,9615251429,10-Oct-1978,"ADD_MONTHS(10-Oct-1978, 120 )",Medium,54
7255900240,3825946983,08-Apr-1985,"ADD_MONTHS(08-Apr-1985, 120 )",Motor Cycle,21
3767286408,0851773672,19-May-2002,"ADD_MONTHS(19-May-2002, 120 )",Motor Cycle,38
0749084782,0806069759,12-Oct-2012,"ADD_MONTHS(12-Oct-2012, 120 )",Light,71
1741566525,9255211099,19-May-2000,"ADD_MONTHS(19-May-2000, 120 )",Medium,59
4846736156,1844358364,17-Oct-1998,"ADD_MONTHS(17-Oct-1998, 120 )",Heavy,45
6721260530,4786352403,22-Dec-1979,"ADD_MONTHS(22-Dec-1979, 120 )",Motor Cycle,94
3011498121,1087053447,10-Oct-2006,"ADD_MONTHS(10-Oct-2006, 120 )",Motor Cycle,51
2364668077,3264551497,05-Jul-1996,"ADD_MONTHS(05-Jul-1996, 120 )",Medium,30
4388144622,9670348145,02-Nov-2014,"ADD_MONTHS(02-Nov-2014, 120 )",Motor Cycle,20
6257601053,5844618297,03-Dec-1999,"ADD_MONTHS(03-Dec-1999, 120 )",Heavy,67
3715246782,6737909337,11-Aug-2001,"ADD_MONTHS(11-Aug-2001, 120 )",Heavy,6
5724592363,8316056496,19-Jul-1993,"ADD_MONTHS(19-Jul-1993, 120 )",Medium,89
3950343636,0944938027,21-Mar-1979,"ADD_MONTHS(21-Mar-1979, 120 )",Heavy,56
4513987375,3918688941,05-May-1974,"ADD_MONTHS(05-May-1974, 120 )",Medium,65
7076022265,8348410422,01-Aug-2017,"ADD_MONTHS(01-Aug-2017, 120 )",Medium,12
3041424002,2523502577,07-Jun-2006,"ADD_MONTHS(07-Jun-2006, 120 )",Motor Cycle,16
3545222136,5974178165,15-Apr-1970,"ADD_MONTHS(15-Apr-1970, 120 )",Light,7
4911812524,2083864875,23-Dec-2004,"ADD_MONTHS(23-Dec-2004, 120 )",Motor Cycle,23
1271403579,1723922145,26-Feb-1991,"ADD_MONTHS(26-Feb-1991, 120 )",Medium,14
2205901524,4756886809,24-Aug-1990,"ADD_MONTHS(24-Aug-1990, 120 )",Light,76
8060983962,2249414203,10-Jan-2001,"ADD_MONTHS(10-Jan-2001, 120 )",Light,87
4672217051,2634611331,23-Feb-1978,"ADD_MONTHS(23-Feb-1978, 120 )",Medium,44
2572262037,4731162610,31-Oct-1971,"ADD_MONTHS(31-Oct-1971, 120 )",Motor Cycle,99
4126838775,1225100038,18-Feb-1997,"ADD_MONTHS(18-Feb-1997, 120 )",Heavy,74
9560710907,2258788285,21-Apr-1991,"ADD_MONTHS(21-Apr-1991, 120 )",Medium,81
0992641535,9194871345,28-Jun-1974,"ADD_MONTHS(28-Jun-1974, 120 )",Heavy,30
0911946071,8266752559,08-Jun-1997,"ADD_MONTHS(08-Jun-1997, 120 )",Light,90
1716808103,0647835517,24-Apr-2008,"ADD_MONTHS(24-Apr-2008, 120 )",Motor Cycle,57
3036296069,8911866539,22-May-2000,"ADD_MONTHS(22-May-2000, 120 )",Heavy,62
0560258860,5001036984,24-Apr-1998,"ADD_MONTHS(24-Apr-1998, 120 )",Motor Cycle,47
6443568281,0518578852,13-Sep-2016,"ADD_MONTHS(13-Sep-2016, 120 )",Light,82
7946072082,8762684698,20-Jun-2008,"ADD_MONTHS(20-Jun-2008, 120 )",Light,76
3209700842,9423114520,04-Jun-1997,"ADD_MONTHS(04-Jun-1997, 120 )",Light,92
9523498088,0226116891,17-Aug-1986,"ADD_MONTHS(17-Aug-1986, 120 )",Medium,27
5275876769,5643393085,12-Jul-2008,"ADD_MONTHS(12-Jul-2008, 120 )",Light,36
1001280733,5621987608,11-Mar-1971,"ADD_MONTHS(11-Mar-1971, 120 )",Light,4
1155841956,9646865054,14-Feb-2010,"ADD_MONTHS(14-Feb-2010, 120 )",Light,76
0018558070,2278928783,08-May-1983,"ADD_MONTHS(08-May-1983, 120 )",Medium,19
0985379014,4432811641,29-Mar-1996,"ADD_MONTHS(29-Mar-1996, 120 )",Light,88
8610353907,9583244074,08-May-2000,"ADD_MONTHS(08-May-2000, 120 )",Motor Cycle,23
4744238971,8700244163,16-Feb-1975,"ADD_MONTHS(16-Feb-1975, 120 )",Heavy,50
9328233062,6251736070,06-Apr-1977,"ADD_MONTHS(06-Apr-1977, 120 )",Motor Cycle,7
3816615260,1592017282,17-Jan-1970,"ADD_MONTHS(17-Jan-1970, 120 )",Motor Cycle,19
0354581953,4491320136,25-Nov-1992,"ADD_MONTHS(25-Nov-1992, 120 )",Motor Cycle,86
2231441969,5614382674,17-Dec-2013,"ADD_MONTHS(17-Dec-2013, 120 )",Motor Cycle,83
5662891443,0833908308,01-Mar-2009,"ADD_MONTHS(01-Mar-2009, 120 )",Heavy,30
8951945936,5896512236,15-Feb-2009,"ADD_MONTHS(15-Feb-2009, 120 )",Heavy,3
2528372515,8491338632,24-Nov-2015,"ADD_MONTHS(24-Nov-2015, 120 )",Motor Cycle,36
1240065566,1811791573,17-Feb-2003,"ADD_MONTHS(17-Feb-2003, 120 )",Heavy,82
2960156439,1694692450,23-Feb-2012,"ADD_MONTHS(23-Feb-2012, 120 )",Motor Cycle,20
4197722230,7593973050,19-Jul-1988,"ADD_MONTHS(19-Jul-1988, 120 )",Motor Cycle,72
3090850214,3552981179,25-Oct-1997,"ADD_MONTHS(25-Oct-1997, 120 )",Motor Cycle,91
2338393597,3244397646,06-Sep-1980,"ADD_MONTHS(06-Sep-1980, 120 )",Heavy,12
5229475730,3972523777,26-Jan-2003,"ADD_MONTHS(26-Jan-2003, 120 )",Motor Cycle,86
4882826771,3194265806,23-Apr-1996,"ADD_MONTHS(23-Apr-1996, 120 )",Light,62
2999933886,3239575086,15-Apr-1999,"ADD_MONTHS(15-Apr-1999, 120 )",Medium,69
8878393630,7100750652,16-Jan-1991,"ADD_MONTHS(16-Jan-1991, 120 )",Motor Cycle,79
0976045915,0018218482,03-Sep-2003,"ADD_MONTHS(03-Sep-2003, 120 )",Medium,75
6450472987,5975481635,03-May-1978,"ADD_MONTHS(03-May-1978, 120 )",Heavy,96
4956846584,2969681668,07-Jul-1997,"ADD_MONTHS(07-Jul-1997, 120 )",Motor Cycle,59
6194247835,3614632407,08-Jan-1993,"ADD_MONTHS(08-Jan-1993, 120 )",Motor Cycle,90
7265763823,2415158208,22-Oct-1994,"ADD_MONTHS(22-Oct-1994, 120 )",Medium,2
8566995643,9703969704,06-Aug-1990,"ADD_MONTHS(06-Aug-1990, 120 )",Medium,95
6026628568,6463305596,10-Aug-2007,"ADD_MONTHS(10-Aug-2007, 120 )",Medium,30
8937569469,4857050455,18-Apr-2012,"ADD_MONTHS(18-Apr-2012, 120 )",Light,18
0908253400,1283639556,15-Feb-1980,"ADD_MONTHS(15-Feb-1980, 120 )",Motor Cycle,56
6742011602,7327772103,23-Aug-1981,"ADD_MONTHS(23-Aug-1981, 120 )",Heavy,94
1936053012,8789724658,23-Jul-1970,"ADD_MONTHS(23-Jul-1970, 120 )",Medium,73
2082200515,1048802159,13-Nov-2015,"ADD_MONTHS(13-Nov-2015, 120 )",Medium,87
5236095034,0138259704,10-May-2011,"ADD_MONTHS(10-May-2011, 120 )",Motor Cycle,83
8694288664,7122678490,26-Nov-1986,"ADD_MONTHS(26-Nov-1986, 120 )",Light,4
6215512060,6702188137,21-Jan-1999,"ADD_MONTHS(21-Jan-1999, 120 )",Heavy,35
8554990781,8300673016,23-Mar-1990,"ADD_MONTHS(23-Mar-1990, 120 )",Heavy,99
5232995103,4441510632,26-Sep-2014,"ADD_MONTHS(26-Sep-2014, 120 )",Light,54
8572535438,0368472256,11-Sep-1990,"ADD_MONTHS(11-Sep-1990, 120 )",Heavy,12
6969605531,5518049757,09-Jul-1998,"ADD_MONTHS(09-Jul-1998, 120 )",Heavy,35
1163851493,3272345485,05-Aug-1993,"ADD_MONTHS(05-Aug-1993, 120 )",Medium,95
7673494019,0305539175,17-Feb-2015,"ADD_MONTHS(17-Feb-2015, 120 )",Medium,1
1650601727,6704896279,02-Aug-2004,"ADD_MONTHS(02-Aug-2004, 120 )",Light,18
9863223190,0425246949,20-Sep-1981,"ADD_MONTHS(20-Sep-1981, 120 )",Light,15
1274949432,6622124981,19-Dec-1971,"ADD_MONTHS(19-Dec-1971, 120 )",Motor Cycle,36
9361091328,0321184238,16-Sep-1995,"ADD_MONTHS(16-Sep-1995, 120 )",Heavy,20
3423827297,6395436244,12-Jan-1995,"ADD_MONTHS(12-Jan-1995, 120 )",Light,45
3022470363,3455497748,18-Aug-1990,"ADD_MONTHS(18-Aug-1990, 120 )",Light,47
0174323301,1776091787,20-May-1990,"ADD_MONTHS(20-May-1990, 120 )",Medium,21
7715119377,4635002543,29-Mar-2008,"ADD_MONTHS(29-Mar-2008, 120 )",Light,51
5633342992,5905574464,14-Jul-1973,"ADD_MONTHS(14-Jul-1973, 120 )",Motor Cycle,76
9481655776,9696561016,31-Jan-2002,"ADD_MONTHS(31-Jan-2002, 120 )",Heavy,99
2561040631,5155094607,01-Aug-1982,"ADD_MONTHS(01-Aug-1982, 120 )",Heavy,84
1674513445,7852926991,01-Jun-2000,"ADD_MONTHS(01-Jun-2000, 120 )",Medium,82
2097989691,7338495319,05-Feb-2012,"ADD_MONTHS(05-Feb-2012, 120 )",Heavy,41
6903908668,9144957564,28-Apr-1995,"ADD_MONTHS(28-Apr-1995, 120 )",Motor Cycle,50
5285291712,2680379853,24-Apr-1983,"ADD_MONTHS(24-Apr-1983, 120 )",Light,54
1171970161,9049354610,19-Dec-1970,"ADD_MONTHS(19-Dec-1970, 120 )",Medium,56
7520627837,0996963596,10-Nov-2017,"ADD_MONTHS(10-Nov-2017, 120 )",Medium,91
4780942969,6298546464,30-Dec-1983,"ADD_MONTHS(30-Dec-1983, 120 )",Light,39
6037003742,9998279518,15-Sep-1997,"ADD_MONTHS(15-Sep-1997, 120 )",Medium,4
4179316986,8298759214,27-Oct-2016,"ADD_MONTHS(27-Oct-2016, 120 )",Light,70
1105121631,6475608750,24-Apr-1995,"ADD_MONTHS(24-Apr-1995, 120 )",Motor Cycle,90
7988961632,2102444171,20-Feb-1986,"ADD_MONTHS(20-Feb-1986, 120 )",Light,18
5902370329,4716998002,18-Apr-1991,"ADD_MONTHS(18-Apr-1991, 120 )",Light,91
3139386478,4150171599,17-Oct-1986,"ADD_MONTHS(17-Oct-1986, 120 )",Motor Cycle,49
0925923060,2290027243,19-Jan-2010,"ADD_MONTHS(19-Jan-2010, 120 )",Heavy,34
8898361548,5093207268,21-Aug-2011,"ADD_MONTHS(21-Aug-2011, 120 )",Medium,37
9455871750,5073537238,24-Jul-1987,"ADD_MONTHS(24-Jul-1987, 120 )",Medium,31
2470042569,8906161867,04-Jan-1995,"ADD_MONTHS(04-Jan-1995, 120 )",Motor Cycle,43
2254677381,6387746515,02-Dec-1975,"ADD_MONTHS(02-Dec-1975, 120 )",Motor Cycle,46
0480482713,0832191833,11-Mar-1973,"ADD_MONTHS(11-Mar-1973, 120 )",Motor Cycle,43
0766799875,1456342894,22-Dec-2011,"ADD_MONTHS(22-Dec-2011, 120 )",Medium,65
6145825391,2277227374,03-Feb-2001,"ADD_MONTHS(03-Feb-2001, 120 )",Heavy,66
0780349903,4951983931,15-Oct-1998,"ADD_MONTHS(15-Oct-1998, 120 )",Medium,88
0475557093,8314693863,02-Aug-1993,"ADD_MONTHS(02-Aug-1993, 120 )",Light,97
3096421188,8904029066,06-Jan-1977,"ADD_MONTHS(06-Jan-1977, 120 )",Light,8
4338037385,7212516473,06-Jun-2017,"ADD_MONTHS(06-Jun-2017, 120 )",Motor Cycle,75
2799634451,1195760485,17-Jan-2012,"ADD_MONTHS(17-Jan-2012, 120 )",Medium,13
0022386157,7899192951,22-Aug-2010,"ADD_MONTHS(22-Aug-2010, 120 )",Heavy,7
8779159044,2958508552,15-Nov-2006,"ADD_MONTHS(15-Nov-2006, 120 )",Light,59
3559612314,6899238934,14-Aug-1999,"ADD_MONTHS(14-Aug-1999, 120 )",Light,61
1534658890,5834202624,27-Feb-1976,"ADD_MONTHS(27-Feb-1976, 120 )",Heavy,58
9416039292,5947712660,04-Apr-2015,"ADD_MONTHS(04-Apr-2015, 120 )",Motor Cycle,26
6914159513,5026935729,31-Oct-1975,"ADD_MONTHS(31-Oct-1975, 120 )",Motor Cycle,43
2646574940,7178845260,19-Apr-2014,"ADD_MONTHS(19-Apr-2014, 120 )",Medium,20
4842526157,9861376534,12-Jul-1974,"ADD_MONTHS(12-Jul-1974, 120 )",Light,77
1996654748,4845715104,12-Dec-1997,"ADD_MONTHS(12-Dec-1997, 120 )",Light,22
8984184292,9479167867,16-Dec-1985,"ADD_MONTHS(16-Dec-1985, 120 )",Medium,51
9059384229,1388152800,12-Mar-1981,"ADD_MONTHS(12-Mar-1981, 120 )",Light,51
9730895112,2279107538,28-Feb-2016,"ADD_MONTHS(28-Feb-2016, 120 )",Medium,61
2827386240,6922193717,12-Jan-1983,"ADD_MONTHS(12-Jan-1983, 120 )",Light,12
7071784841,9969438948,07-Oct-1973,"ADD_MONTHS(07-Oct-1973, 120 )",Light,74
3498653024,1991567065,28-Dec-2006,"ADD_MONTHS(28-Dec-2006, 120 )",Light,10
4057205152,1733567291,03-Sep-1979,"ADD_MONTHS(03-Sep-1979, 120 )",Heavy,58
0004486315,2223147429,29-Jul-2003,"ADD_MONTHS(29-Jul-2003, 120 )",Motor Cycle,1
2626730947,8882724654,25-Sep-2007,"ADD_MONTHS(25-Sep-2007, 120 )",Motor Cycle,97
7550810702,0219412871,22-Dec-1999,"ADD_MONTHS(22-Dec-1999, 120 )",Motor Cycle,30
3349796907,2296919499,26-Mar-2012,"ADD_MONTHS(26-Mar-2012, 120 )",Heavy,76
6113256405,8426826210,07-Jun-1987,"ADD_MONTHS(07-Jun-1987, 120 )",Heavy,83
5190007022,3615598075,26-Sep-1989,"ADD_MONTHS(26-Sep-1989, 120 )",Light,23
0549969187,0767063058,10-Dec-2010,"ADD_MONTHS(10-Dec-2010, 120 )",Heavy,86
4835824261,7556198618,20-Dec-1978,"ADD_MONTHS(20-Dec-1978, 120 )",Light,48
9246181654,2461914931,02-May-2001,"ADD_MONTHS(02-May-2001, 120 )",Motor Cycle,47
9089923667,9038152159,05-Jun-1994,"ADD_MONTHS(05-Jun-1994, 120 )",Heavy,78
3978802805,1235599167,17-Aug-2013,"ADD_MONTHS(17-Aug-2013, 120 )",Heavy,98
2379200459,6903556265,14-Nov-1970,"ADD_MONTHS(14-Nov-1970, 120 )",Motor Cycle,24
4980412270,5833403367,10-Oct-1999,"ADD_MONTHS(10-Oct-1999, 120 )",Heavy,71
3704664375,2005914819,21-Jul-1997,"ADD_MONTHS(21-Jul-1997, 120 )",Medium,52
1130242714,6107054898,10-Feb-1987,"ADD_MONTHS(10-Feb-1987, 120 )",Medium,64
2647503494,1814680799,09-Aug-1978,"ADD_MONTHS(09-Aug-1978, 120 )",Heavy,35
4665744467,0992437504,24-Feb-1996,"ADD_MONTHS(24-Feb-1996, 120 )",Light,15
9289655488,8546810745,01-Mar-1984,"ADD_MONTHS(01-Mar-1984, 120 )",Medium,28
2902390041,4113072272,01-Dec-2005,"ADD_MONTHS(01-Dec-2005, 120 )",Heavy,39
7242333008,8004701094,07-Jun-1978,"ADD_MONTHS(07-Jun-1978, 120 )",Light,12
1093473738,8628356711,16-Aug-1975,"ADD_MONTHS(16-Aug-1975, 120 )",Heavy,60
3965429922,8119317491,02-Aug-1976,"ADD_MONTHS(02-Aug-1976, 120 )",Medium,10
3162202531,0140294600,17-Oct-1998,"ADD_MONTHS(17-Oct-1998, 120 )",Motor Cycle,29
8086581470,2249466939,03-Apr-1976,"ADD_MONTHS(03-Apr-1976, 120 )",Medium,8
0863804187,2331753482,21-Jun-1970,"ADD_MONTHS(21-Jun-1970, 120 )",Medium,89
0112170366,3176066252,23-Mar-1978,"ADD_MONTHS(23-Mar-1978, 120 )",Medium,59
6856501668,1635787122,31-Dec-1971,"ADD_MONTHS(31-Dec-1971, 120 )",Light,85
7290928067,1914405633,12-Feb-1998,"ADD_MONTHS(12-Feb-1998, 120 )",Heavy,33
9673661707,6206531597,27-Jan-1982,"ADD_MONTHS(27-Jan-1982, 120 )",Motor Cycle,72
7483289031,5523652741,11-Jul-1975,"ADD_MONTHS(11-Jul-1975, 120 )",Motor Cycle,80
3253267571,6240500925,15-Apr-2017,"ADD_MONTHS(15-Apr-2017, 120 )",Light,84
4520194059,8443421886,28-Apr-1994,"ADD_MONTHS(28-Apr-1994, 120 )",Motor Cycle,56
4571999143,0477669247,20-Sep-1978,"ADD_MONTHS(20-Sep-1978, 120 )",Motor Cycle,90
8139176079,2660488258,16-Apr-1999,"ADD_MONTHS(16-Apr-1999, 120 )",Medium,97
5023709361,7307694298,20-Sep-2003,"ADD_MONTHS(20-Sep-2003, 120 )",Motor Cycle,5
8041789153,4171497213,14-Dec-1971,"ADD_MONTHS(14-Dec-1971, 120 )",Light,40
8535619364,7264833976,19-Nov-2010,"ADD_MONTHS(19-Nov-2010, 120 )",Heavy,88
9835635323,5536951718,05-Jul-1999,"ADD_MONTHS(05-Jul-1999, 120 )",Heavy,44
0600312844,0612757528,27-Sep-2004,"ADD_MONTHS(27-Sep-2004, 120 )",Light,87
6600253975,5438755892,24-May-1992,"ADD_MONTHS(24-May-1992, 120 )",Medium,76
0526465573,8642317949,07-Oct-1977,"ADD_MONTHS(07-Oct-1977, 120 )",Light,63
3510202503,1774570912,01-Apr-2005,"ADD_MONTHS(01-Apr-2005, 120 )",Light,61
4739177730,7804143729,04-Apr-1972,"ADD_MONTHS(04-Apr-1972, 120 )",Motor Cycle,39
6187622138,8701054244,06-Apr-2012,"ADD_MONTHS(06-Apr-2012, 120 )",Light,50
9031614904,8733584613,25-Feb-2011,"ADD_MONTHS(25-Feb-2011, 120 )",Motor Cycle,48
5956604506,1551483890,03-Nov-1985,"ADD_MONTHS(03-Nov-1985, 120 )",Medium,84
4976082601,6001860394,05-Sep-1991,"ADD_MONTHS(05-Sep-1991, 120 )",Motor Cycle,27
6970740714,3310153762,10-Mar-1985,"ADD_MONTHS(10-Mar-1985, 120 )",Motor Cycle,12
3457419264,9977782164,31-Aug-2002,"ADD_MONTHS(31-Aug-2002, 120 )",Heavy,4
1253454353,0878037470,03-Apr-1980,"ADD_MONTHS(03-Apr-1980, 120 )",Light,50
8845930599,8714204916,30-May-1994,"ADD_MONTHS(30-May-1994, 120 )",Heavy,84
7277968646,1259546624,11-Jan-1982,"ADD_MONTHS(11-Jan-1982, 120 )",Heavy,69
4137234310,5304581407,17-Nov-2004,"ADD_MONTHS(17-Nov-2004, 120 )",Light,66
3563898839,4637506301,15-Oct-2015,"ADD_MONTHS(15-Oct-2015, 120 )",Light,62
2053660449,2493843266,31-Oct-1972,"ADD_MONTHS(31-Oct-1972, 120 )",Medium,72
0759037205,5912941426,14-Oct-1987,"ADD_MONTHS(14-Oct-1987, 120 )",Medium,97
3811297767,8497895630,11-May-1999,"ADD_MONTHS(11-May-1999, 120 )",Light,50
6275351357,9484200060,20-Apr-1984,"ADD_MONTHS(20-Apr-1984, 120 )",Motor Cycle,38
8351228397,0969297165,19-May-2014,"ADD_MONTHS(19-May-2014, 120 )",Heavy,47
4752468433,6531914548,29-Jun-1995,"ADD_MONTHS(29-Jun-1995, 120 )",Heavy,64
3487959224,9655097234,05-Feb-1991,"ADD_MONTHS(05-Feb-1991, 120 )",Heavy,57
5772130730,0938974378,03-Oct-2007,"ADD_MONTHS(03-Oct-2007, 120 )",Heavy,16
3420958684,2405018004,31-Oct-1975,"ADD_MONTHS(31-Oct-1975, 120 )",Light,18
9132023251,6216842900,14-Jul-2004,"ADD_MONTHS(14-Jul-2004, 120 )",Motor Cycle,56
0040177300,5789327745,14-Aug-1978,"ADD_MONTHS(14-Aug-1978, 120 )",Medium,26
8580248949,9428900699,23-Aug-1988,"ADD_MONTHS(23-Aug-1988, 120 )",Light,27
2868131123,9536031930,09-Aug-1977,"ADD_MONTHS(09-Aug-1977, 120 )",Medium,28
9854945766,6540190344,27-Oct-2000,"ADD_MONTHS(27-Oct-2000, 120 )",Medium,60
1135683484,3942109891,19-Nov-1995,"ADD_MONTHS(19-Nov-1995, 120 )",Light,90
3045521363,6574672872,28-May-1973,"ADD_MONTHS(28-May-1973, 120 )",Medium,43
7169164825,6002645594,25-Jun-2007,"ADD_MONTHS(25-Jun-2007, 120 )",Motor Cycle,88
9146636889,5898644407,06-Feb-2017,"ADD_MONTHS(06-Feb-2017, 120 )",Medium,33
1766116825,6971741862,07-Oct-1982,"ADD_MONTHS(07-Oct-1982, 120 )",Motor Cycle,92
2227296968,7093398588,07-Dec-2004,"ADD_MONTHS(07-Dec-2004, 120 )",Motor Cycle,25
3237896896,0370666135,01-Mar-1975,"ADD_MONTHS(01-Mar-1975, 120 )",Heavy,96
9278190136,7325933584,02-Mar-2006,"ADD_MONTHS(02-Mar-2006, 120 )",Light,11
5522352876,7018103967,08-Jun-2011,"ADD_MONTHS(08-Jun-2011, 120 )",Light,25
0186411022,8673219469,03-Mar-2012,"ADD_MONTHS(03-Mar-2012, 120 )",Light,81
2641829320,9369404775,17-Nov-1994,"ADD_MONTHS(17-Nov-1994, 120 )",Medium,63
1570588570,3689625580,28-Aug-1995,"ADD_MONTHS(28-Aug-1995, 120 )",Medium,87
4111808883,6376859534,07-Apr-2000,"ADD_MONTHS(07-Apr-2000, 120 )",Motor Cycle,18
4609983532,7469782281,16-Sep-1986,"ADD_MONTHS(16-Sep-1986, 120 )",Light,51
9432893324,6014423265,05-May-1995,"ADD_MONTHS(05-May-1995, 120 )",Light,5
0379398540,3279777534,25-Feb-2005,"ADD_MONTHS(25-Feb-2005, 120 )",Motor Cycle,48
3851228596,8015491177,20-Dec-1980,"ADD_MONTHS(20-Dec-1980, 120 )",Light,23
6072443508,2894350538,03-Mar-1995,"ADD_MONTHS(03-Mar-1995, 120 )",Medium,61
7672944428,5063625428,16-May-1982,"ADD_MONTHS(16-May-1982, 120 )",Heavy,13
4199401601,7001702773,03-Oct-1972,"ADD_MONTHS(03-Oct-1972, 120 )",Medium,20
4721460902,4717155084,25-Aug-2000,"ADD_MONTHS(25-Aug-2000, 120 )",Light,57
1435828631,5960413140,16-Jul-1999,"ADD_MONTHS(16-Jul-1999, 120 )",Medium,25
6739619581,7507405001,09-Oct-1982,"ADD_MONTHS(09-Oct-1982, 120 )",Motor Cycle,46
9329008089,4779951364,02-Oct-2001,"ADD_MONTHS(02-Oct-2001, 120 )",Medium,62
0475738675,3160398196,05-Mar-1992,"ADD_MONTHS(05-Mar-1992, 120 )",Medium,86
9243903845,2137899426,19-Sep-2005,"ADD_MONTHS(19-Sep-2005, 120 )",Medium,68
6012198361,8086995461,01-Apr-1980,"ADD_MONTHS(01-Apr-1980, 120 )",Heavy,64
5675468765,3654363288,25-Dec-2008,"ADD_MONTHS(25-Dec-2008, 120 )",Motor Cycle,81
8449570255,4189879207,30-Dec-2013,"ADD_MONTHS(30-Dec-2013, 120 )",Heavy,16
7210416633,8038424646,27-Aug-1974,"ADD_MONTHS(27-Aug-1974, 120 )",Motor Cycle,56
4600318064,2894004273,01-Feb-2009,"ADD_MONTHS(01-Feb-2009, 120 )",Medium,67
9094951207,2071593057,15-Feb-1981,"ADD_MONTHS(15-Feb-1981, 120 )",Heavy,27
1712575503,0932579930,08-Mar-1986,"ADD_MONTHS(08-Mar-1986, 120 )",Heavy,8
5163179926,4241573959,09-Sep-2006,"ADD_MONTHS(09-Sep-2006, 120 )",Medium,39
2223104673,0487206290,06-May-2016,"ADD_MONTHS(06-May-2016, 120 )",Motor Cycle,51
8211915146,9156055056,17-Feb-1981,"ADD_MONTHS(17-Feb-1981, 120 )",Light,76
2605740293,6056666670,10-Mar-2010,"ADD_MONTHS(10-Mar-2010, 120 )",Medium,81
0640307760,3483492585,21-Sep-2000,"ADD_MONTHS(21-Sep-2000, 120 )",Motor Cycle,58
0743702255,3149378672,02-Feb-1976,"ADD_MONTHS(02-Feb-1976, 120 )",Medium,94
9606311325,8152152781,26-Jul-1996,"ADD_MONTHS(26-Jul-1996, 120 )",Medium,53
9834118422,7418597193,03-Jan-1991,"ADD_MONTHS(03-Jan-1991, 120 )",Heavy,17
0600448150,8757322309,24-Aug-2009,"ADD_MONTHS(24-Aug-2009, 120 )",Motor Cycle,49
3690221021,7727985139,16-Aug-1978,"ADD_MONTHS(16-Aug-1978, 120 )",Motor Cycle,75
5184987630,7383487087,23-Sep-2006,"ADD_MONTHS(23-Sep-2006, 120 )",Medium,54
9893880106,2370216441,23-Dec-1979,"ADD_MONTHS(23-Dec-1979, 120 )",Heavy,43
7799964693,4163531432,31-Jan-2002,"ADD_MONTHS(31-Jan-2002, 120 )",Light,61
5648255853,3094378129,25-Nov-1999,"ADD_MONTHS(25-Nov-1999, 120 )",Medium,9
0296769827,4219300163,12-Mar-1977,"ADD_MONTHS(12-Mar-1977, 120 )",Heavy,67
5660141161,6227498572,07-Mar-1973,"ADD_MONTHS(07-Mar-1973, 120 )",Medium,19
2793931144,2552704212,18-Aug-2011,"ADD_MONTHS(18-Aug-2011, 120 )",Medium,92
6875190567,5153406873,12-Dec-1989,"ADD_MONTHS(12-Dec-1989, 120 )",Light,59
0830010181,5975931568,29-Nov-1986,"ADD_MONTHS(29-Nov-1986, 120 )",Light,13
0738788554,2855289238,20-May-1982,"ADD_MONTHS(20-May-1982, 120 )",Motor Cycle,55
7316162643,8788374297,18-Jul-2007,"ADD_MONTHS(18-Jul-2007, 120 )",Motor Cycle,30
5426455317,2489414720,03-Dec-1991,"ADD_MONTHS(03-Dec-1991, 120 )",Light,6
0488182549,3682986391,01-Dec-1988,"ADD_MONTHS(01-Dec-1988, 120 )",Heavy,47
8498593085,3610760133,02-Feb-1995,"ADD_MONTHS(02-Feb-1995, 120 )",Light,5
0415100380,3392619515,11-Dec-1975,"ADD_MONTHS(11-Dec-1975, 120 )",Heavy,93
8856316277,9737211227,22-May-1976,"ADD_MONTHS(22-May-1976, 120 )",Medium,26
8709247890,5423638089,10-Jul-2017,"ADD_MONTHS(10-Jul-2017, 120 )",Medium,79
8253860501,2906449466,18-Nov-1973,"ADD_MONTHS(18-Nov-1973, 120 )",Medium,86
1029733996,2101768925,26-May-1988,"ADD_MONTHS(26-May-1988, 120 )",Medium,51
3374619053,6960223318,07-Nov-1994,"ADD_MONTHS(07-Nov-1994, 120 )",Medium,76
1535281979,8273658511,14-Dec-1982,"ADD_MONTHS(14-Dec-1982, 120 )",Medium,74
8125976205,1911709690,16-Oct-2000,"ADD_MONTHS(16-Oct-2000, 120 )",Medium,90
4073844679,6840390373,16-Nov-1970,"ADD_MONTHS(16-Nov-1970, 120 )",Heavy,50
1951249143,5923637928,20-Dec-1996,"ADD_MONTHS(20-Dec-1996, 120 )",Motor Cycle,35
7798454810,6821761566,23-Aug-2004,"ADD_MONTHS(23-Aug-2004, 120 )",Motor Cycle,67
1866081586,9916644942,07-Jan-1992,"ADD_MONTHS(07-Jan-1992, 120 )",Medium,23
0758811128,4026371824,19-Dec-1985,"ADD_MONTHS(19-Dec-1985, 120 )",Heavy,17
4892112070,5694692659,29-Oct-1977,"ADD_MONTHS(29-Oct-1977, 120 )",Medium,35
8262861663,9917943013,29-Dec-2015,"ADD_MONTHS(29-Dec-2015, 120 )",Heavy,61
7140114072,9294228509,09-Apr-1973,"ADD_MONTHS(09-Apr-1973, 120 )",Light,23
2822224595,6076435801,19-Apr-1971,"ADD_MONTHS(19-Apr-1971, 120 )",Light,2
1690416629,2085538614,12-May-1994,"ADD_MONTHS(12-May-1994, 120 )",Light,51
8384907625,1495474445,01-Dec-1992,"ADD_MONTHS(01-Dec-1992, 120 )",Motor Cycle,70
8022158860,2299723013,05-Aug-1982,"ADD_MONTHS(05-Aug-1982, 120 )",Light,38
5054563253,6996458846,01-Oct-1987,"ADD_MONTHS(01-Oct-1987, 120 )",Light,4
5187447602,4187122095,06-Feb-1987,"ADD_MONTHS(06-Feb-1987, 120 )",Motor Cycle,68
4101002568,5876271020,14-Sep-2011,"ADD_MONTHS(14-Sep-2011, 120 )",Light,19
8302641820,8687843151,10-Dec-1987,"ADD_MONTHS(10-Dec-1987, 120 )",Light,80
0581817710,1539755258,16-Dec-2010,"ADD_MONTHS(16-Dec-2010, 120 )",Light,80
6915179003,5259852060,04-Aug-1981,"ADD_MONTHS(04-Aug-1981, 120 )",Heavy,15
2836490543,3204931161,02-Apr-2009,"ADD_MONTHS(02-Apr-2009, 120 )",Heavy,99
4960710586,7211359161,06-May-2008,"ADD_MONTHS(06-May-2008, 120 )",Heavy,89
6305273073,6458327463,25-Feb-2010,"ADD_MONTHS(25-Feb-2010, 120 )",Heavy,37
3661160907,5538708004,09-Mar-1989,"ADD_MONTHS(09-Mar-1989, 120 )",Heavy,67
6828034686,6281325885,21-Jul-2002,"ADD_MONTHS(21-Jul-2002, 120 )",Light,87
3011672393,8427351801,03-Apr-2001,"ADD_MONTHS(03-Apr-2001, 120 )",Light,11
7409439858,7417471838,18-Dec-2000,"ADD_MONTHS(18-Dec-2000, 120 )",Motor Cycle,16
3245134274,1714079945,19-Sep-1984,"ADD_MONTHS(19-Sep-1984, 120 )",Motor Cycle,2
6244493060,4404664117,18-Aug-1981,"ADD_MONTHS(18-Aug-1981, 120 )",Heavy,1
5662669252,4120373576,16-Mar-1989,"ADD_MONTHS(16-Mar-1989, 120 )",Medium,43
8448694724,6211517777,12-Feb-1976,"ADD_MONTHS(12-Feb-1976, 120 )",Light,19
6129133030,1068801395,15-Mar-1977,"ADD_MONTHS(15-Mar-1977, 120 )",Light,60
2676613596,3510770080,04-Jun-2010,"ADD_MONTHS(04-Jun-2010, 120 )",Light,84
5405779970,8292356568,23-Mar-2010,"ADD_MONTHS(23-Mar-2010, 120 )",Medium,3
7535057462,3801169952,01-Nov-2011,"ADD_MONTHS(01-Nov-2011, 120 )",Medium,16
3881109676,6921574075,22-Jun-2013,"ADD_MONTHS(22-Jun-2013, 120 )",Motor Cycle,18
5335632208,4179262207,10-Oct-1992,"ADD_MONTHS(10-Oct-1992, 120 )",Medium,33
1436230829,1576505057,10-Dec-1985,"ADD_MONTHS(10-Dec-1985, 120 )",Light,64
5956123206,4670703633,13-Sep-1984,"ADD_MONTHS(13-Sep-1984, 120 )",Motor Cycle,81
8001519678,5308615551,27-Sep-1974,"ADD_MONTHS(27-Sep-1974, 120 )",Motor Cycle,20
1367307031,7965356856,08-Dec-1985,"ADD_MONTHS(08-Dec-1985, 120 )",Motor Cycle,28
1361062428,7766337703,27-Aug-2017,"ADD_MONTHS(27-Aug-2017, 120 )",Heavy,38
3474916548,3499582732,26-Jan-1985,"ADD_MONTHS(26-Jan-1985, 120 )",Light,81
8379631331,0548582904,22-Dec-1999,"ADD_MONTHS(22-Dec-1999, 120 )",Light,28
9663156147,9210205405,28-Jun-2016,"ADD_MONTHS(28-Jun-2016, 120 )",Medium,46
9006754617,8457112341,22-Dec-1987,"ADD_MONTHS(22-Dec-1987, 120 )",Medium,93
3055815319,5370380449,20-Nov-2000,"ADD_MONTHS(20-Nov-2000, 120 )",Motor Cycle,46
7469591281,5462056486,07-Jul-2004,"ADD_MONTHS(07-Jul-2004, 120 )",Medium,38
1706412282,9032742671,27-Mar-1974,"ADD_MONTHS(27-Mar-1974, 120 )",Medium,97
6387997763,9093565362,20-Sep-2005,"ADD_MONTHS(20-Sep-2005, 120 )",Light,59
0596121458,0765108410,20-May-2012,"ADD_MONTHS(20-May-2012, 120 )",Medium,33
4025546884,3753847046,29-Jul-1970,"ADD_MONTHS(29-Jul-1970, 120 )",Motor Cycle,40
0576595411,9809634773,19-Dec-2009,"ADD_MONTHS(19-Dec-2009, 120 )",Heavy,97
1801074259,9517469470,28-Aug-1994,"ADD_MONTHS(28-Aug-1994, 120 )",Motor Cycle,67
5394539693,1778154905,07-Feb-1994,"ADD_MONTHS(07-Feb-1994, 120 )",Motor Cycle,98
2840566354,3249760625,24-May-2006,"ADD_MONTHS(24-May-2006, 120 )",Motor Cycle,29
2030077887,4367225887,24-Mar-2007,"ADD_MONTHS(24-Mar-2007, 120 )",Heavy,41
9585060760,7038007017,04-Apr-2016,"ADD_MONTHS(04-Apr-2016, 120 )",Motor Cycle,18
6997242723,7308237419,25-Nov-2009,"ADD_MONTHS(25-Nov-2009, 120 )",Medium,14
5648495056,0373996241,04-Dec-2009,"ADD_MONTHS(04-Dec-2009, 120 )",Medium,75
4298334511,2707471844,27-Jan-2003,"ADD_MONTHS(27-Jan-2003, 120 )",Light,97
9600794154,1987153812,06-Mar-1970,"ADD_MONTHS(06-Mar-1970, 120 )",Motor Cycle,53
3223324259,6065651540,30-May-1998,"ADD_MONTHS(30-May-1998, 120 )",Heavy,65
4486648544,0397071760,25-Aug-1999,"ADD_MONTHS(25-Aug-1999, 120 )",Light,74
9480330415,0052729230,01-May-1970,"ADD_MONTHS(01-May-1970, 120 )",Medium,1
9210189981,6861159018,03-Jul-1995,"ADD_MONTHS(03-Jul-1995, 120 )",Heavy,9
6351797748,2056476134,11-Mar-1991,"ADD_MONTHS(11-Mar-1991, 120 )",Light,69
2973928257,2119353468,23-Jun-1990,"ADD_MONTHS(23-Jun-1990, 120 )",Heavy,58
8960176532,9349846950,18-Aug-2003,"ADD_MONTHS(18-Aug-2003, 120 )",Heavy,74
2020842785,7547975534,20-Jun-2006,"ADD_MONTHS(20-Jun-2006, 120 )",Motor Cycle,38
3122418576,6378694788,04-Jan-1991,"ADD_MONTHS(04-Jan-1991, 120 )",Heavy,12
8050197980,0437825884,02-Jul-1979,"ADD_MONTHS(02-Jul-1979, 120 )",Light,63
1118483944,6373628590,13-Apr-1978,"ADD_MONTHS(13-Apr-1978, 120 )",Light,70
2882604467,4702332902,05-Apr-1997,"ADD_MONTHS(05-Apr-1997, 120 )",Motor Cycle,92
7224536067,4621614908,10-Dec-2001,"ADD_MONTHS(10-Dec-2001, 120 )",Medium,83
2600962107,5491470821,06-Dec-1996,"ADD_MONTHS(06-Dec-1996, 120 )",Motor Cycle,82
0252053737,3549109261,28-Jul-1979,"ADD_MONTHS(28-Jul-1979, 120 )",Medium,6
2028930136,0131055461,22-Dec-1974,"ADD_MONTHS(22-Dec-1974, 120 )",Motor Cycle,70
4924855715,2179545800,01-Jun-1970,"ADD_MONTHS(01-Jun-1970, 120 )",Medium,13
2178909469,1421173506,10-Nov-1977,"ADD_MONTHS(10-Nov-1977, 120 )",Medium,27
0967425840,8191948443,20-Jan-1993,"ADD_MONTHS(20-Jan-1993, 120 )",Heavy,11
1825031916,1888591137,18-Feb-1989,"ADD_MONTHS(18-Feb-1989, 120 )",Heavy,69
3248922869,9043381322,02-Oct-1992,"ADD_MONTHS(02-Oct-1992, 120 )",Heavy,98
7418365179,2863040138,22-Sep-1997,"ADD_MONTHS(22-Sep-1997, 120 )",Motor Cycle,42
6079641941,1762103982,23-May-2009,"ADD_MONTHS(23-May-2009, 120 )",Light,57
7871883046,0731344391,15-Sep-2004,"ADD_MONTHS(15-Sep-2004, 120 )",Medium,98
4471489119,8756961413,13-Sep-2006,"ADD_MONTHS(13-Sep-2006, 120 )",Light,92
5164057921,4483300717,29-Jun-2016,"ADD_MONTHS(29-Jun-2016, 120 )",Heavy,38
8997935151,9610981097,17-Mar-1986,"ADD_MONTHS(17-Mar-1986, 120 )",Medium,46
8501428515,8497262689,17-May-1988,"ADD_MONTHS(17-May-1988, 120 )",Heavy,2
3889479553,5691488937,09-Jul-1996,"ADD_MONTHS(09-Jul-1996, 120 )",Medium,71
3047356343,6416052490,06-Aug-2008,"ADD_MONTHS(06-Aug-2008, 120 )",Light,54
5375855089,2238038329,18-May-2009,"ADD_MONTHS(18-May-2009, 120 )",Motor Cycle,26
1713219646,9980652497,04-Jul-1976,"ADD_MONTHS(04-Jul-1976, 120 )",Light,69
5561336126,2927479607,23-May-1976,"ADD_MONTHS(23-May-1976, 120 )",Medium,84
6277378880,9895166346,27-Aug-1989,"ADD_MONTHS(27-Aug-1989, 120 )",Light,9
2624217177,1395826099,08-Jul-1978,"ADD_MONTHS(08-Jul-1978, 120 )",Light,33
2509360558,9007069055,15-Jul-2004,"ADD_MONTHS(15-Jul-2004, 120 )",Motor Cycle,48
0936582677,0369009711,05-Jan-1981,"ADD_MONTHS(05-Jan-1981, 120 )",Light,60
4342814331,2264568046,01-Oct-1981,"ADD_MONTHS(01-Oct-1981, 120 )",Heavy,35
9358196815,8128559737,13-Apr-1987,"ADD_MONTHS(13-Apr-1987, 120 )",Medium,93
3608990038,2016651741,13-Aug-1986,"ADD_MONTHS(13-Aug-1986, 120 )",Motor Cycle,79
3677393728,2226456570,02-Jul-1979,"ADD_MONTHS(02-Jul-1979, 120 )",Motor Cycle,76
1534024050,2485320837,05-May-2008,"ADD_MONTHS(05-May-2008, 120 )",Heavy,4
1577703200,4829075902,27-Apr-1986,"ADD_MONTHS(27-Apr-1986, 120 )",Light,76
2001369786,2334420743,10-Jun-2013,"ADD_MONTHS(10-Jun-2013, 120 )",Heavy,75
5511674206,0719275148,30-Mar-2005,"ADD_MONTHS(30-Mar-2005, 120 )",Heavy,40
3390395571,6796007875,02-May-1998,"ADD_MONTHS(02-May-1998, 120 )",Medium,44
9909617048,9715520979,11-Feb-2002,"ADD_MONTHS(11-Feb-2002, 120 )",Light,14
1731219202,5566224970,11-Feb-1970,"ADD_MONTHS(11-Feb-1970, 120 )",Light,94
2807527043,3275575678,01-Nov-2009,"ADD_MONTHS(01-Nov-2009, 120 )",Heavy,45
4966540917,1151594660,24-Apr-1994,"ADD_MONTHS(24-Apr-1994, 120 )",Medium,33
6431489950,1782433066,23-Jul-1985,"ADD_MONTHS(23-Jul-1985, 120 )",Heavy,86
9437924996,7372726190,05-Nov-1983,"ADD_MONTHS(05-Nov-1983, 120 )",Heavy,60
2233346432,9514827155,18-Dec-2016,"ADD_MONTHS(18-Dec-2016, 120 )",Motor Cycle,32
9152702472,7762103996,17-Oct-2001,"ADD_MONTHS(17-Oct-2001, 120 )",Motor Cycle,12
0388486988,5283803171,01-Jun-1988,"ADD_MONTHS(01-Jun-1988, 120 )",Medium,84
7871523449,8030931689,09-Jan-1997,"ADD_MONTHS(09-Jan-1997, 120 )",Light,25
6395491032,3876596416,08-Dec-1989,"ADD_MONTHS(08-Dec-1989, 120 )",Heavy,14
9125508652,4154241273,22-Aug-1985,"ADD_MONTHS(22-Aug-1985, 120 )",Motor Cycle,30
4270435755,2444836669,11-Jan-1976,"ADD_MONTHS(11-Jan-1976, 120 )",Medium,76
7163833342,0375485341,21-Mar-1999,"ADD_MONTHS(21-Mar-1999, 120 )",Medium,41
0793118743,0055469310,17-Aug-1995,"ADD_MONTHS(17-Aug-1995, 120 )",Light,24
7349470959,8809020510,26-Feb-1973,"ADD_MONTHS(26-Feb-1973, 120 )",Medium,77
0227267788,2322942278,26-Sep-1997,"ADD_MONTHS(26-Sep-1997, 120 )",Heavy,60
3686085445,9189529367,26-May-2008,"ADD_MONTHS(26-May-2008, 120 )",Heavy,32
6502654622,6800082864,22-Mar-1970,"ADD_MONTHS(22-Mar-1970, 120 )",Heavy,35
2148678876,5999890268,19-Aug-1999,"ADD_MONTHS(19-Aug-1999, 120 )",Motor Cycle,100
2966035099,2268385612,26-May-2015,"ADD_MONTHS(26-May-2015, 120 )",Light,72
0137671296,8857286746,29-Dec-2009,"ADD_MONTHS(29-Dec-2009, 120 )",Medium,98
5272901045,9850338814,22-Jun-1988,"ADD_MONTHS(22-Jun-1988, 120 )",Medium,27
3063519065,7909764618,09-Mar-2016,"ADD_MONTHS(09-Mar-2016, 120 )",Motor Cycle,69
4266345666,4868672665,18-Jan-2005,"ADD_MONTHS(18-Jan-2005, 120 )",Motor Cycle,44
8143782115,1852243422,13-May-2008,"ADD_MONTHS(13-May-2008, 120 )",Heavy,90
0408790628,2407361199,23-Jun-1976,"ADD_MONTHS(23-Jun-1976, 120 )",Motor Cycle,24
4588520016,1508718911,26-Aug-2014,"ADD_MONTHS(26-Aug-2014, 120 )",Medium,1
2225260583,4210204315,20-Feb-2001,"ADD_MONTHS(20-Feb-2001, 120 )",Heavy,27
9846310528,4335390955,08-Jun-2004,"ADD_MONTHS(08-Jun-2004, 120 )",Heavy,67
2597889904,7361104738,10-Oct-2007,"ADD_MONTHS(10-Oct-2007, 120 )",Light,64
3787590277,6260393601,29-Jul-1994,"ADD_MONTHS(29-Jul-1994, 120 )",Heavy,49
3627919211,8997310178,02-Feb-1977,"ADD_MONTHS(02-Feb-1977, 120 )",Medium,30
8334205422,2680650980,12-Mar-1976,"ADD_MONTHS(12-Mar-1976, 120 )",Medium,54
5059410102,6565977682,23-Aug-1999,"ADD_MONTHS(23-Aug-1999, 120 )",Heavy,92
7541108103,5507528845,24-Sep-2010,"ADD_MONTHS(24-Sep-2010, 120 )",Light,88
9471259215,0249039885,10-Jan-1976,"ADD_MONTHS(10-Jan-1976, 120 )",Medium,58
0739561243,8827458670,27-Jun-1970,"ADD_MONTHS(27-Jun-1970, 120 )",Motor Cycle,85
6317875618,3554987093,12-Apr-1993,"ADD_MONTHS(12-Apr-1993, 120 )",Heavy,91
0184476860,7023010912,06-Mar-2009,"ADD_MONTHS(06-Mar-2009, 120 )",Medium,86
0684069741,2078610305,07-Sep-2012,"ADD_MONTHS(07-Sep-2012, 120 )",Motor Cycle,4
9354718000,6042910566,13-Jun-1998,"ADD_MONTHS(13-Jun-1998, 120 )",Heavy,14
0888679556,6372042622,16-Jan-1998,"ADD_MONTHS(16-Jan-1998, 120 )",Medium,62
5918259651,9717707685,11-Mar-1977,"ADD_MONTHS(11-Mar-1977, 120 )",Medium,55
4420651679,0692547282,26-Apr-1983,"ADD_MONTHS(26-Apr-1983, 120 )",Medium,53
3599414904,0833432761,21-May-1976,"ADD_MONTHS(21-May-1976, 120 )",Motor Cycle,94
6243910660,8882529428,07-Aug-1989,"ADD_MONTHS(07-Aug-1989, 120 )",Motor Cycle,18
6869945608,5546826614,26-Jun-1980,"ADD_MONTHS(26-Jun-1980, 120 )",Light,88
0598011757,1413855156,24-Nov-1982,"ADD_MONTHS(24-Nov-1982, 120 )",Heavy,10
8237486250,3814184947,06-Sep-1971,"ADD_MONTHS(06-Sep-1971, 120 )",Medium,95
1925552306,3563836221,19-Jul-1973,"ADD_MONTHS(19-Jul-1973, 120 )",Light,53
2946978192,0582083893,18-Aug-1973,"ADD_MONTHS(18-Aug-1973, 120 )",Motor Cycle,30
3292705258,1738149862,17-May-2015,"ADD_MONTHS(17-May-2015, 120 )",Motor Cycle,24
6109346012,2726139892,28-May-1995,"ADD_MONTHS(28-May-1995, 120 )",Motor Cycle,9
4728754448,3546019008,27-Feb-1974,"ADD_MONTHS(27-Feb-1974, 120 )",Light,82
2021483843,4914182351,09-Feb-1970,"ADD_MONTHS(09-Feb-1970, 120 )",Medium,86
8075236432,2585820769,04-Oct-2000,"ADD_MONTHS(04-Oct-2000, 120 )",Motor Cycle,69
5626475672,0913415677,01-Mar-2002,"ADD_MONTHS(01-Mar-2002, 120 )",Light,15
3240448734,3314474237,27-Aug-2007,"ADD_MONTHS(27-Aug-2007, 120 )",Light,51
9771946463,8019825967,12-Mar-2002,"ADD_MONTHS(12-Mar-2002, 120 )",Medium,24
4859633326,1336882247,08-Sep-1992,"ADD_MONTHS(08-Sep-1992, 120 )",Heavy,41
4148395493,6377148763,02-Mar-1992,"ADD_MONTHS(02-Mar-1992, 120 )",Motor Cycle,2
0279957033,1700600389,21-Sep-1976,"ADD_MONTHS(21-Sep-1976, 120 )",Medium,84
9700054756,4334838251,25-Oct-1992,"ADD_MONTHS(25-Oct-1992, 120 )",Medium,76
2021093255,4425621344,02-Aug-1983,"ADD_MONTHS(02-Aug-1983, 120 )",Motor Cycle,75
0584163983,3372005058,12-May-1983,"ADD_MONTHS(12-May-1983, 120 )",Motor Cycle,9
4117380524,3911542240,25-Feb-2009,"ADD_MONTHS(25-Feb-2009, 120 )",Light,85
9748266907,2721599798,17-Oct-1976,"ADD_MONTHS(17-Oct-1976, 120 )",Medium,43
6702345259,9398495651,05-Mar-1972,"ADD_MONTHS(05-Mar-1972, 120 )",Heavy,53
2504908504,3364003084,08-Apr-1993,"ADD_MONTHS(08-Apr-1993, 120 )",Heavy,73
0567316351,1126480592,24-Jul-1988,"ADD_MONTHS(24-Jul-1988, 120 )",Light,85
1380499151,6160566180,10-Apr-2007,"ADD_MONTHS(10-Apr-2007, 120 )",Heavy,56
9101578138,3731654822,11-Mar-2006,"ADD_MONTHS(11-Mar-2006, 120 )",Motor Cycle,94
4454305927,0049052233,24-Apr-1995,"ADD_MONTHS(24-Apr-1995, 120 )",Motor Cycle,66
8604090851,1403196419,17-Mar-1973,"ADD_MONTHS(17-Mar-1973, 120 )",Heavy,41
7746798977,2425955798,26-Sep-1996,"ADD_MONTHS(26-Sep-1996, 120 )",Motor Cycle,27
0102895295,4017070116,12-May-1981,"ADD_MONTHS(12-May-1981, 120 )",Motor Cycle,12
0958685657,2828752488,25-Oct-2012,"ADD_MONTHS(25-Oct-2012, 120 )",Light,56
6723127803,6179479917,09-Aug-2008,"ADD_MONTHS(09-Aug-2008, 120 )",Medium,27
3190897921,1483605744,10-Feb-1978,"ADD_MONTHS(10-Feb-1978, 120 )",Motor Cycle,98
4981332815,9772117630,22-Oct-2002,"ADD_MONTHS(22-Oct-2002, 120 )",Medium,90
8441120048,9070038072,23-Mar-1987,"ADD_MONTHS(23-Mar-1987, 120 )",Medium,48
6846845232,4557688268,20-Sep-1980,"ADD_MONTHS(20-Sep-1980, 120 )",Medium,42
3946653170,7079890519,27-Jan-1992,"ADD_MONTHS(27-Jan-1992, 120 )",Light,46
2499240563,2827046830,17-Oct-1999,"ADD_MONTHS(17-Oct-1999, 120 )",Light,67
7345985180,0519917332,20-Apr-2007,"ADD_MONTHS(20-Apr-2007, 120 )",Medium,38
3718664917,1661319114,26-Jun-2006,"ADD_MONTHS(26-Jun-2006, 120 )",Light,31
3134669897,0956168523,04-Sep-1972,"ADD_MONTHS(04-Sep-1972, 120 )",Medium,35
7249174290,6404774968,01-Nov-1971,"ADD_MONTHS(01-Nov-1971, 120 )",Heavy,31
0231478607,6643880149,07-Oct-2003,"ADD_MONTHS(07-Oct-2003, 120 )",Medium,38
8732190468,0277467349,12-Mar-2009,"ADD_MONTHS(12-Mar-2009, 120 )",Medium,68
6374450809,3347196775,10-Mar-2015,"ADD_MONTHS(10-Mar-2015, 120 )",Light,54
9357127232,5706220751,26-Feb-1971,"ADD_MONTHS(26-Feb-1971, 120 )",Motor Cycle,49
2231305283,3952148059,02-Apr-1998,"ADD_MONTHS(02-Apr-1998, 120 )",Heavy,54
7305280321,8431936851,17-Aug-1972,"ADD_MONTHS(17-Aug-1972, 120 )",Light,42
1201760321,6294043344,12-Oct-1991,"ADD_MONTHS(12-Oct-1991, 120 )",Medium,28
7324243649,7604604463,15-May-1974,"ADD_MONTHS(15-May-1974, 120 )",Motor Cycle,37
1565407210,8568280943,22-Mar-1996,"ADD_MONTHS(22-Mar-1996, 120 )",Light,10
0907924026,7022861005,06-Feb-2016,"ADD_MONTHS(06-Feb-2016, 120 )",Motor Cycle,22
3517035394,6581555355,29-Dec-2007,"ADD_MONTHS(29-Dec-2007, 120 )",Heavy,7
8760161949,6953624027,20-Jul-1994,"ADD_MONTHS(20-Jul-1994, 120 )",Motor Cycle,90
6156161236,9034440567,03-May-1992,"ADD_MONTHS(03-May-1992, 120 )",Heavy,42
4060942987,2625449136,28-Jun-2016,"ADD_MONTHS(28-Jun-2016, 120 )",Medium,42
3540757473,0372255663,01-Feb-1986,"ADD_MONTHS(01-Feb-1986, 120 )",Heavy,22
5618592258,5709677884,09-Nov-1979,"ADD_MONTHS(09-Nov-1979, 120 )",Motor Cycle,40
4338589604,8008994002,30-Dec-1999,"ADD_MONTHS(30-Dec-1999, 120 )",Motor Cycle,82
2032835193,2397473046,23-Jan-1994,"ADD_MONTHS(23-Jan-1994, 120 )",Heavy,52
8875292264,9076532664,07-Jun-2017,"ADD_MONTHS(07-Jun-2017, 120 )",Medium,63
6088993316,6616490521,20-Dec-2013,"ADD_MONTHS(20-Dec-2013, 120 )",Motor Cycle,60
8051441648,9537754847,30-Sep-2006,"ADD_MONTHS(30-Sep-2006, 120 )",Heavy,98
8449457475,5931462724,22-Jun-2002,"ADD_MONTHS(22-Jun-2002, 120 )",Medium,94
0486258076,5742695578,14-Apr-1981,"ADD_MONTHS(14-Apr-1981, 120 )",Heavy,47
8451230075,3217230515,08-Mar-2016,"ADD_MONTHS(08-Mar-2016, 120 )",Light,26
1695597516,1396213368,14-Aug-1992,"ADD_MONTHS(14-Aug-1992, 120 )",Motor Cycle,61
5766406894,7089224929,24-Mar-2010,"ADD_MONTHS(24-Mar-2010, 120 )",Light,86
5253835539,4440664385,16-Mar-2016,"ADD_MONTHS(16-Mar-2016, 120 )",Heavy,67
8051982096,6122392634,17-Oct-1977,"ADD_MONTHS(17-Oct-1977, 120 )",Light,72
2354336179,4206861269,28-Dec-2001,"ADD_MONTHS(28-Dec-2001, 120 )",Medium,76
5764000076,5545333657,21-Nov-1990,"ADD_MONTHS(21-Nov-1990, 120 )",Medium,95
0466829817,5335160233,09-May-2012,"ADD_MONTHS(09-May-2012, 120 )",Medium,70
8715364607,5187317636,10-Feb-1985,"ADD_MONTHS(10-Feb-1985, 120 )",Heavy,56
0481182322,5221408309,17-Nov-1988,"ADD_MONTHS(17-Nov-1988, 120 )",Light,30
7782666317,3285245239,08-Nov-1973,"ADD_MONTHS(08-Nov-1973, 120 )",Light,84
3644990719,4852763070,25-Apr-2006,"ADD_MONTHS(25-Apr-2006, 120 )",Medium,28
8389298953,5671246598,04-Jan-1988,"ADD_MONTHS(04-Jan-1988, 120 )",Light,42
3289158268,1175980269,04-Aug-1982,"ADD_MONTHS(04-Aug-1982, 120 )",Motor Cycle,10
1552303055,6698166138,22-Jun-1984,"ADD_MONTHS(22-Jun-1984, 120 )",Motor Cycle,29
8228812566,6910117778,01-Jun-1972,"ADD_MONTHS(01-Jun-1972, 120 )",Light,100
9462973350,9428807842,04-Apr-2004,"ADD_MONTHS(04-Apr-2004, 120 )",Medium,86
2338104196,1747196509,13-Apr-1999,"ADD_MONTHS(13-Apr-1999, 120 )",Heavy,11
9646488811,5726812255,06-Jul-1970,"ADD_MONTHS(06-Jul-1970, 120 )",Motor Cycle,98
5517174647,7925218363,11-Jun-2013,"ADD_MONTHS(11-Jun-2013, 120 )",Medium,53
0188487476,8614814828,14-May-1977,"ADD_MONTHS(14-May-1977, 120 )",Motor Cycle,90
0561596220,8753053370,13-Sep-1982,"ADD_MONTHS(13-Sep-1982, 120 )",Medium,37
0771430906,6548121341,20-Dec-1986,"ADD_MONTHS(20-Dec-1986, 120 )",Heavy,70
9725702670,7577950068,02-Jul-1983,"ADD_MONTHS(02-Jul-1983, 120 )",Medium,56
0732140811,3867984387,29-Dec-2015,"ADD_MONTHS(29-Dec-2015, 120 )",Medium,83
0805483241,7424436996,02-Apr-2011,"ADD_MONTHS(02-Apr-2011, 120 )",Heavy,25
5456649489,1163591211,22-Mar-2002,"ADD_MONTHS(22-Mar-2002, 120 )",Medium,52
4572910073,4311765193,23-Dec-1996,"ADD_MONTHS(23-Dec-1996, 120 )",Light,83
6407829313,7541517801,08-Jun-2004,"ADD_MONTHS(08-Jun-2004, 120 )",Heavy,41
9556665641,2736005716,30-Jun-2004,"ADD_MONTHS(30-Jun-2004, 120 )",Motor Cycle,24
1655775855,3650181363,20-Jun-2003,"ADD_MONTHS(20-Jun-2003, 120 )",Light,29
8476123558,1733628045,24-Sep-1971,"ADD_MONTHS(24-Sep-1971, 120 )",Motor Cycle,89
0891485252,2731655100,16-May-1972,"ADD_MONTHS(16-May-1972, 120 )",Medium,93
5446525329,4304093703,26-Nov-1996,"ADD_MONTHS(26-Nov-1996, 120 )",Heavy,14
7722628737,3448394300,18-Feb-1978,"ADD_MONTHS(18-Feb-1978, 120 )",Medium,55
3488079864,4746659559,23-Dec-1994,"ADD_MONTHS(23-Dec-1994, 120 )",Motor Cycle,89
0694204102,2667844696,08-Nov-1989,"ADD_MONTHS(08-Nov-1989, 120 )",Motor Cycle,4
2605159892,8740813681,13-Jun-2006,"ADD_MONTHS(13-Jun-2006, 120 )",Heavy,78
1929853254,2763673929,15-Nov-1979,"ADD_MONTHS(15-Nov-1979, 120 )",Medium,26
4766508920,1819323900,17-Feb-2005,"ADD_MONTHS(17-Feb-2005, 120 )",Motor Cycle,31
5919364572,7354541796,12-May-1984,"ADD_MONTHS(12-May-1984, 120 )",Motor Cycle,66
8441323291,1554371988,14-Oct-1992,"ADD_MONTHS(14-Oct-1992, 120 )",Heavy,83
5015518706,5214581149,21-Feb-1984,"ADD_MONTHS(21-Feb-1984, 120 )",Motor Cycle,72
4801966063,9943359293,07-May-2004,"ADD_MONTHS(07-May-2004, 120 )",Motor Cycle,74
6754209291,5797876302,21-Dec-1981,"ADD_MONTHS(21-Dec-1981, 120 )",Light,4
4033730141,2280263998,30-Dec-1997,"ADD_MONTHS(30-Dec-1997, 120 )",Medium,58
8766410177,1860252524,20-Jan-1972,"ADD_MONTHS(20-Jan-1972, 120 )",Motor Cycle,30
4267460167,2817180674,05-Jan-2015,"ADD_MONTHS(05-Jan-2015, 120 )",Motor Cycle,57
6882547467,0389675652,23-Apr-1987,"ADD_MONTHS(23-Apr-1987, 120 )",Light,90
0254888321,7340735208,06-Jun-2016,"ADD_MONTHS(06-Jun-2016, 120 )",Heavy,51
2509855824,3545039005,10-Mar-2008,"ADD_MONTHS(10-Mar-2008, 120 )",Motor Cycle,7
4563630217,6360739216,19-Jan-1974,"ADD_MONTHS(19-Jan-1974, 120 )",Heavy,8
2297795289,1946224553,19-Jun-2008,"ADD_MONTHS(19-Jun-2008, 120 )",Heavy,40
3136194195,3645887679,09-Jun-1988,"ADD_MONTHS(09-Jun-1988, 120 )",Heavy,62
6128792480,7867073558,01-Feb-1989,"ADD_MONTHS(01-Feb-1989, 120 )",Medium,69
1817051695,5636362137,10-May-2004,"ADD_MONTHS(10-May-2004, 120 )",Medium,3
3077973065,4721107153,25-Jun-1985,"ADD_MONTHS(25-Jun-1985, 120 )",Motor Cycle,15
4790207714,9082796139,20-May-2014,"ADD_MONTHS(20-May-2014, 120 )",Heavy,10
9553727581,0246213043,23-Jul-1975,"ADD_MONTHS(23-Jul-1975, 120 )",Motor Cycle,40
1834616948,4100790031,10-Nov-2010,"ADD_MONTHS(10-Nov-2010, 120 )",Motor Cycle,42
2641589338,4527150855,30-Apr-2008,"ADD_MONTHS(30-Apr-2008, 120 )",Light,93
8325347449,3483389342,14-Dec-1982,"ADD_MONTHS(14-Dec-1982, 120 )",Motor Cycle,17
0669591297,5567513178,25-Nov-1982,"ADD_MONTHS(25-Nov-1982, 120 )",Heavy,39
9625279199,0754950611,02-Apr-2004,"ADD_MONTHS(02-Apr-2004, 120 )",Light,60
6513007941,9926623026,13-Jun-2000,"ADD_MONTHS(13-Jun-2000, 120 )",Heavy,6
7396114519,1350603740,16-Jan-2003,"ADD_MONTHS(16-Jan-2003, 120 )",Light,24
5937787277,3614798747,08-Apr-1974,"ADD_MONTHS(08-Apr-1974, 120 )",Motor Cycle,46
6187994027,7118304808,15-Jan-2017,"ADD_MONTHS(15-Jan-2017, 120 )",Heavy,75
8644973967,1168440378,07-Jun-1981,"ADD_MONTHS(07-Jun-1981, 120 )",Light,95
4328599267,1729863833,05-Sep-1989,"ADD_MONTHS(05-Sep-1989, 120 )",Motor Cycle,62
3772077242,6792192139,13-Mar-1993,"ADD_MONTHS(13-Mar-1993, 120 )",Heavy,59
8906888783,9899095524,26-Jun-2004,"ADD_MONTHS(26-Jun-2004, 120 )",Heavy,39
1847726488,4031258305,08-Mar-2004,"ADD_MONTHS(08-Mar-2004, 120 )",Medium,52
7099243713,7912630503,08-May-1999,"ADD_MONTHS(08-May-1999, 120 )",Motor Cycle,74
0005813786,4332475887,26-Jun-1993,"ADD_MONTHS(26-Jun-1993, 120 )",Light,89
0896024458,8543196248,07-Feb-1993,"ADD_MONTHS(07-Feb-1993, 120 )",Medium,31
6888859630,0630226113,06-Feb-2003,"ADD_MONTHS(06-Feb-2003, 120 )",Light,39
1435882849,4654322345,26-Jul-1970,"ADD_MONTHS(26-Jul-1970, 120 )",Medium,29
8211997568,6907000911,04-Nov-1971,"ADD_MONTHS(04-Nov-1971, 120 )",Medium,22
3847780522,1618107216,09-Mar-2005,"ADD_MONTHS(09-Mar-2005, 120 )",Heavy,72
6738479484,5331909531,21-Oct-1971,"ADD_MONTHS(21-Oct-1971, 120 )",Medium,100
7403696832,2883445486,24-Apr-2014,"ADD_MONTHS(24-Apr-2014, 120 )",Motor Cycle,9
5736910349,6695294054,25-Jan-1985,"ADD_MONTHS(25-Jan-1985, 120 )",Medium,9
0729041794,6375201438,02-Dec-1979,"ADD_MONTHS(02-Dec-1979, 120 )",Motor Cycle,19
8964410041,3519788764,10-Nov-1993,"ADD_MONTHS(10-Nov-1993, 120 )",Light,1
9815517821,9971561050,20-May-1994,"ADD_MONTHS(20-May-1994, 120 )",Medium,74
4336066116,4455158316,13-Sep-1981,"ADD_MONTHS(13-Sep-1981, 120 )",Heavy,4
5191404920,3784783058,01-Sep-2013,"ADD_MONTHS(01-Sep-2013, 120 )",Heavy,30
1223489426,5145067143,26-May-1996,"ADD_MONTHS(26-May-1996, 120 )",Motor Cycle,25
2338154592,8766467950,12-Jul-1994,"ADD_MONTHS(12-Jul-1994, 120 )",Motor Cycle,3
9574261948,1828031860,09-Feb-1996,"ADD_MONTHS(09-Feb-1996, 120 )",Heavy,55
9584414240,5384067519,07-Jul-2000,"ADD_MONTHS(07-Jul-2000, 120 )",Medium,80
8463114644,7469991131,06-Dec-1988,"ADD_MONTHS(06-Dec-1988, 120 )",Medium,60
9702197244,8022947830,20-Nov-1984,"ADD_MONTHS(20-Nov-1984, 120 )",Heavy,46
5465290145,0541470078,19-Apr-1981,"ADD_MONTHS(19-Apr-1981, 120 )",Heavy,14
7521226836,2575694442,09-Jul-2010,"ADD_MONTHS(09-Jul-2010, 120 )",Light,99
0022319174,6106802505,18-Oct-2006,"ADD_MONTHS(18-Oct-2006, 120 )",Heavy,76
5203038473,9653662937,25-Jan-2017,"ADD_MONTHS(25-Jan-2017, 120 )",Medium,18
3912372012,4761187417,11-Nov-1999,"ADD_MONTHS(11-Nov-1999, 120 )",Heavy,92
8181423542,0105729388,09-Sep-1983,"ADD_MONTHS(09-Sep-1983, 120 )",Light,92
3656110255,3789277851,25-Oct-2001,"ADD_MONTHS(25-Oct-2001, 120 )",Medium,22
8709839216,8295509640,27-Jan-1999,"ADD_MONTHS(27-Jan-1999, 120 )",Motor Cycle,11
6186075389,3666822932,06-Apr-2008,"ADD_MONTHS(06-Apr-2008, 120 )",Medium,54
3996263236,2015212590,01-Nov-1972,"ADD_MONTHS(01-Nov-1972, 120 )",Light,95
1385730366,7550614954,24-Feb-1983,"ADD_MONTHS(24-Feb-1983, 120 )",Medium,94
0247298131,2380919178,23-May-1977,"ADD_MONTHS(23-May-1977, 120 )",Light,72
9393865027,2249743819,01-Jul-1972,"ADD_MONTHS(01-Jul-1972, 120 )",Heavy,77
3155199954,3397500540,10-Jul-2000,"ADD_MONTHS(10-Jul-2000, 120 )",Light,64
3499453274,3057766463,05-Jun-1997,"ADD_MONTHS(05-Jun-1997, 120 )",Light,29
2196433721,3456911904,02-Jan-2014,"ADD_MONTHS(02-Jan-2014, 120 )",Medium,81
8955815395,5286905420,10-Jun-1980,"ADD_MONTHS(10-Jun-1980, 120 )",Medium,30
2748303334,1562966103,21-Dec-1981,"ADD_MONTHS(21-Dec-1981, 120 )",Light,40
9882118534,3741194867,21-Dec-2000,"ADD_MONTHS(21-Dec-2000, 120 )",Motor Cycle,41
6637601535,9156096224,28-Feb-1997,"ADD_MONTHS(28-Feb-1997, 120 )",Heavy,52
6102628454,9774273400,28-Nov-1993,"ADD_MONTHS(28-Nov-1993, 120 )",Medium,62
4575767433,2102918645,12-Mar-1994,"ADD_MONTHS(12-Mar-1994, 120 )",Heavy,71
5310911529,0679873112,03-Nov-1984,"ADD_MONTHS(03-Nov-1984, 120 )",Heavy,85
1557686300,3040865471,29-Jul-2013,"ADD_MONTHS(29-Jul-2013, 120 )",Medium,98
1178663884,2589396163,01-Mar-2014,"ADD_MONTHS(01-Mar-2014, 120 )",Motor Cycle,38
3483759212,5169628307,22-May-2008,"ADD_MONTHS(22-May-2008, 120 )",Light,88
3876529662,6497239332,13-Feb-2009,"ADD_MONTHS(13-Feb-2009, 120 )",Heavy,1
5526239993,9262143826,30-Dec-1976,"ADD_MONTHS(30-Dec-1976, 120 )",Medium,5
3064410385,3598643586,18-Sep-2010,"ADD_MONTHS(18-Sep-2010, 120 )",Medium,58
4479877134,8440935463,19-Nov-1973,"ADD_MONTHS(19-Nov-1973, 120 )",Medium,99
3799681035,2216582239,28-Feb-1994,"ADD_MONTHS(28-Feb-1994, 120 )",Medium,32
2788517130,2680029720,09-Sep-1978,"ADD_MONTHS(09-Sep-1978, 120 )",Light,45
2599421721,9658056806,08-Oct-1980,"ADD_MONTHS(08-Oct-1980, 120 )",Light,99
8497338006,4592471733,12-Jun-2000,"ADD_MONTHS(12-Jun-2000, 120 )",Motor Cycle,68
6563145612,7750457305,20-May-2009,"ADD_MONTHS(20-May-2009, 120 )",Motor Cycle,34
9584447092,9137981862,27-Aug-1981,"ADD_MONTHS(27-Aug-1981, 120 )",Heavy,14
5513703467,3969723507,05-Apr-2010,"ADD_MONTHS(05-Apr-2010, 120 )",Medium,1
2992029734,4539510282,03-Jun-1970,"ADD_MONTHS(03-Jun-1970, 120 )",Medium,28
2652784595,8533352026,08-Mar-1974,"ADD_MONTHS(08-Mar-1974, 120 )",Motor Cycle,38
1879008920,5672458823,12-Apr-2007,"ADD_MONTHS(12-Apr-2007, 120 )",Medium,80
6269862299,1236314085,01-Nov-1987,"ADD_MONTHS(01-Nov-1987, 120 )",Motor Cycle,29
8568705790,7117610948,10-Jun-1998,"ADD_MONTHS(10-Jun-1998, 120 )",Medium,15
1475895097,0263639274,17-Sep-2013,"ADD_MONTHS(17-Sep-2013, 120 )",Heavy,63
7460615846,7436659928,15-Feb-1976,"ADD_MONTHS(15-Feb-1976, 120 )",Motor Cycle,16
9305547885,9004710809,09-May-1982,"ADD_MONTHS(09-May-1982, 120 )",Motor Cycle,88
6482568084,4601444667,04-Dec-1991,"ADD_MONTHS(04-Dec-1991, 120 )",Medium,7
7024294663,2538988713,24-Mar-1999,"ADD_MONTHS(24-Mar-1999, 120 )",Heavy,54
2730233563,1553168208,23-Aug-1991,"ADD_MONTHS(23-Aug-1991, 120 )",Medium,81
1692241281,8789115228,11-Oct-2004,"ADD_MONTHS(11-Oct-2004, 120 )",Heavy,70
0365710148,7845712469,12-Aug-1979,"ADD_MONTHS(12-Aug-1979, 120 )",Motor Cycle,77
8583256071,5534687304,30-May-2008,"ADD_MONTHS(30-May-2008, 120 )",Light,72
2495118305,9512446030,03-Oct-2009,"ADD_MONTHS(03-Oct-2009, 120 )",Motor Cycle,79
4401116917,5045932195,25-Feb-1979,"ADD_MONTHS(25-Feb-1979, 120 )",Medium,30
6244852966,7125847846,30-Sep-1980,"ADD_MONTHS(30-Sep-1980, 120 )",Light,51
7254931940,3641168449,24-May-2014,"ADD_MONTHS(24-May-2014, 120 )",Medium,4
2567992529,4968625294,28-Jun-1988,"ADD_MONTHS(28-Jun-1988, 120 )",Heavy,25
1610964020,4615702019,05-Jul-1978,"ADD_MONTHS(05-Jul-1978, 120 )",Medium,7
3019501563,9452080396,30-Sep-1976,"ADD_MONTHS(30-Sep-1976, 120 )",Motor Cycle,41
7424662821,3513189923,23-Jun-1976,"ADD_MONTHS(23-Jun-1976, 120 )",Heavy,92
3747769535,2323065955,11-Jan-2012,"ADD_MONTHS(11-Jan-2012, 120 )",Light,27
3334361292,2846923493,18-Aug-2010,"ADD_MONTHS(18-Aug-2010, 120 )",Motor Cycle,1
0713767111,1717104703,05-Sep-1982,"ADD_MONTHS(05-Sep-1982, 120 )",Medium,68
5143749115,8650432522,20-May-1998,"ADD_MONTHS(20-May-1998, 120 )",Medium,20
4035414247,1167168100,09-May-1988,"ADD_MONTHS(09-May-1988, 120 )",Light,94
3469158347,5487865000,06-Aug-1977,"ADD_MONTHS(06-Aug-1977, 120 )",Heavy,55
2860594981,2735694437,12-Sep-2010,"ADD_MONTHS(12-Sep-2010, 120 )",Motor Cycle,100
1580075983,7756003020,29-Apr-1974,"ADD_MONTHS(29-Apr-1974, 120 )",Heavy,60
6508333534,9908379429,17-Aug-2005,"ADD_MONTHS(17-Aug-2005, 120 )",Medium,67
2951343795,6025706840,16-Oct-2001,"ADD_MONTHS(16-Oct-2001, 120 )",Light,72
7611428896,2720094870,19-Feb-1990,"ADD_MONTHS(19-Feb-1990, 120 )",Light,6
5132408567,1114634468,07-May-2002,"ADD_MONTHS(07-May-2002, 120 )",Medium,89
3199514030,9219586339,18-Mar-2001,"ADD_MONTHS(18-Mar-2001, 120 )",Light,77
0519247671,5080547464,11-Nov-2015,"ADD_MONTHS(11-Nov-2015, 120 )",Light,61
1025757351,6183414751,04-Jul-1970,"ADD_MONTHS(04-Jul-1970, 120 )",Motor Cycle,64
5867332535,9827575708,30-Apr-1988,"ADD_MONTHS(30-Apr-1988, 120 )",Light,81
9729834229,9920241393,19-Jan-2013,"ADD_MONTHS(19-Jan-2013, 120 )",Motor Cycle,13
1343854210,9842337472,26-Aug-1974,"ADD_MONTHS(26-Aug-1974, 120 )",Heavy,80
9974429579,9550836002,17-Apr-2006,"ADD_MONTHS(17-Apr-2006, 120 )",Medium,33
1336366168,7331713191,17-Aug-2004,"ADD_MONTHS(17-Aug-2004, 120 )",Medium,37
8742768683,5721805358,18-Feb-2003,"ADD_MONTHS(18-Feb-2003, 120 )",Motor Cycle,72
0981333974,6571722275,26-Mar-1995,"ADD_MONTHS(26-Mar-1995, 120 )",Heavy,85
4364606138,0716511460,02-Jul-1975,"ADD_MONTHS(02-Jul-1975, 120 )",Heavy,55
6568590460,4119198391,07-May-1976,"ADD_MONTHS(07-May-1976, 120 )",Motor Cycle,8
1123118817,9940221096,19-May-1999,"ADD_MONTHS(19-May-1999, 120 )",Motor Cycle,45
7716952102,9710217771,13-Apr-2000,"ADD_MONTHS(13-Apr-2000, 120 )",Medium,61
1780652909,4247710818,08-Oct-1989,"ADD_MONTHS(08-Oct-1989, 120 )",Heavy,90
9151749769,5169213727,10-Mar-1981,"ADD_MONTHS(10-Mar-1981, 120 )",Light,81
0602327261,6824696382,26-Oct-1986,"ADD_MONTHS(26-Oct-1986, 120 )",Medium,6
1010103776,1391138600,11-Feb-1980,"ADD_MONTHS(11-Feb-1980, 120 )",Light,8
9081682768,3322518132,10-Jan-1979,"ADD_MONTHS(10-Jan-1979, 120 )",Medium,72
1730566766,7301724772,12-Oct-2002,"ADD_MONTHS(12-Oct-2002, 120 )",Light,14
9713103890,2233497295,03-Feb-1996,"ADD_MONTHS(03-Feb-1996, 120 )",Medium,65
1283779641,6066929380,18-Nov-1991,"ADD_MONTHS(18-Nov-1991, 120 )",Light,43
3622878622,1635910684,08-Jun-1977,"ADD_MONTHS(08-Jun-1977, 120 )",Heavy,99
4855076228,4469555711,11-Jun-1971,"ADD_MONTHS(11-Jun-1971, 120 )",Motor Cycle,91
2695601018,3070967698,18-May-2005,"ADD_MONTHS(18-May-2005, 120 )",Light,79
2844078850,8555056306,19-Oct-1970,"ADD_MONTHS(19-Oct-1970, 120 )",Motor Cycle,26
7313226810,9983321416,23-Jul-1982,"ADD_MONTHS(23-Jul-1982, 120 )",Heavy,68
5674357528,7788954896,08-Aug-1995,"ADD_MONTHS(08-Aug-1995, 120 )",Medium,31
3446581278,3301923593,12-Sep-1970,"ADD_MONTHS(12-Sep-1970, 120 )",Motor Cycle,15
7562422176,2145137424,03-Feb-1982,"ADD_MONTHS(03-Feb-1982, 120 )",Heavy,48
4977219643,6373685004,20-Sep-1990,"ADD_MONTHS(20-Sep-1990, 120 )",Heavy,3
8393033632,5359664371,17-Mar-2016,"ADD_MONTHS(17-Mar-2016, 120 )",Light,46
6716901930,0502393017,26-Nov-1989,"ADD_MONTHS(26-Nov-1989, 120 )",Heavy,97
1989224687,1853696323,15-Aug-2006,"ADD_MONTHS(15-Aug-2006, 120 )",Medium,7
6558085178,8601711146,18-Jun-1988,"ADD_MONTHS(18-Jun-1988, 120 )",Heavy,77
8104328883,2623256837,09-Apr-1989,"ADD_MONTHS(09-Apr-1989, 120 )",Heavy,37
3709983525,3636804308,18-Dec-2014,"ADD_MONTHS(18-Dec-2014, 120 )",Motor Cycle,29
1776508157,9012781493,31-Mar-1977,"ADD_MONTHS(31-Mar-1977, 120 )",Motor Cycle,48
0960396462,9394336273,19-Feb-2013,"ADD_MONTHS(19-Feb-2013, 120 )",Heavy,67
3840563534,8505082494,20-Nov-1989,"ADD_MONTHS(20-Nov-1989, 120 )",Heavy,92
6262988416,9194484678,21-Apr-1987,"ADD_MONTHS(21-Apr-1987, 120 )",Light,32
5163338943,6847023074,14-Feb-2012,"ADD_MONTHS(14-Feb-2012, 120 )",Light,50
9404242748,5422724909,18-May-2009,"ADD_MONTHS(18-May-2009, 120 )",Light,100
9625070788,3832147446,21-Aug-1999,"ADD_MONTHS(21-Aug-1999, 120 )",Medium,9
1876529660,7952901958,01-Jan-2012,"ADD_MONTHS(01-Jan-2012, 120 )",Heavy,16
6873656100,2731183209,25-Jan-1983,"ADD_MONTHS(25-Jan-1983, 120 )",Light,91
3346971333,4247414933,21-Feb-2002,"ADD_MONTHS(21-Feb-2002, 120 )",Heavy,41
5127250160,6454290573,31-Jan-1977,"ADD_MONTHS(31-Jan-1977, 120 )",Medium,32
7495015810,8782391238,31-May-1995,"ADD_MONTHS(31-May-1995, 120 )",Motor Cycle,66
4046590904,2641840561,04-Oct-1993,"ADD_MONTHS(04-Oct-1993, 120 )",Medium,7
2158600861,2051007438,22-Dec-1991,"ADD_MONTHS(22-Dec-1991, 120 )",Medium,43
6247842929,6576558198,23-Jul-1981,"ADD_MONTHS(23-Jul-1981, 120 )",Medium,60
8685397170,3809490059,16-Apr-1981,"ADD_MONTHS(16-Apr-1981, 120 )",Medium,43
7632912959,9353952670,06-Nov-1977,"ADD_MONTHS(06-Nov-1977, 120 )",Light,77
4945459371,5038675441,25-Dec-1974,"ADD_MONTHS(25-Dec-1974, 120 )",Light,91
4913277413,4270332999,26-Apr-2012,"ADD_MONTHS(26-Apr-2012, 120 )",Light,56
0114805946,6692366232,06-Nov-2017,"ADD_MONTHS(06-Nov-2017, 120 )",Light,19
5549651963,6312564053,16-Apr-1993,"ADD_MONTHS(16-Apr-1993, 120 )",Heavy,31
1299786081,6461155880,05-Aug-1993,"ADD_MONTHS(05-Aug-1993, 120 )",Motor Cycle,77
3038750999,7203606066,07-Oct-1982,"ADD_MONTHS(07-Oct-1982, 120 )",Light,60
2279126958,3039973274,29-Jun-1973,"ADD_MONTHS(29-Jun-1973, 120 )",Medium,40
7763530243,0562376127,06-Dec-1981,"ADD_MONTHS(06-Dec-1981, 120 )",Heavy,92
6945886433,3458266585,31-Jul-2009,"ADD_MONTHS(31-Jul-2009, 120 )",Light,2
5987875714,0552920592,17-Aug-2006,"ADD_MONTHS(17-Aug-2006, 120 )",Light,7
8708271364,8308701876,03-Oct-2012,"ADD_MONTHS(03-Oct-2012, 120 )",Medium,100
7872421488,5228016295,01-Apr-2001,"ADD_MONTHS(01-Apr-2001, 120 )",Light,69
1532797613,2782894056,26-Dec-1995,"ADD_MONTHS(26-Dec-1995, 120 )",Medium,58
0159636019,2561814343,01-Apr-2017,"ADD_MONTHS(01-Apr-2017, 120 )",Medium,80
3193163015,2880294320,10-Oct-2005,"ADD_MONTHS(10-Oct-2005, 120 )",Motor Cycle,89
6228095358,6782205416,30-Dec-1983,"ADD_MONTHS(30-Dec-1983, 120 )",Light,7
9782283592,0572471076,08-Jul-2004,"ADD_MONTHS(08-Jul-2004, 120 )",Motor Cycle,39
8989812216,3777247111,21-Dec-2008,"ADD_MONTHS(21-Dec-2008, 120 )",Heavy,38
5940657311,9098078419,30-Mar-2015,"ADD_MONTHS(30-Mar-2015, 120 )",Medium,74
5038456197,1519523270,02-Apr-2001,"ADD_MONTHS(02-Apr-2001, 120 )",Heavy,99
1320184820,7811386615,16-Jan-1971,"ADD_MONTHS(16-Jan-1971, 120 )",Light,81
5118820979,6357624616,14-Dec-2014,"ADD_MONTHS(14-Dec-2014, 120 )",Motor Cycle,98
2778437150,8063019075,21-May-2008,"ADD_MONTHS(21-May-2008, 120 )",Light,97
9549873641,8817775215,04-Sep-1975,"ADD_MONTHS(04-Sep-1975, 120 )",Medium,96
8415285140,7475095711,10-May-2007,"ADD_MONTHS(10-May-2007, 120 )",Medium,71
4382941768,9493572293,02-Aug-2011,"ADD_MONTHS(02-Aug-2011, 120 )",Medium,97
8687215967,9908428039,09-Mar-2010,"ADD_MONTHS(09-Mar-2010, 120 )",Motor Cycle,75
7659848631,1866007521,31-Aug-2011,"ADD_MONTHS(31-Aug-2011, 120 )",Motor Cycle,1
2692972341,8548017562,13-Aug-2017,"ADD_MONTHS(13-Aug-2017, 120 )",Motor Cycle,59
4197466919,4883453871,24-Dec-2000,"ADD_MONTHS(24-Dec-2000, 120 )",Motor Cycle,33
9787114012,6865218310,16-Mar-1994,"ADD_MONTHS(16-Mar-1994, 120 )",Light,65
4163767673,7805294046,14-Jan-1998,"ADD_MONTHS(14-Jan-1998, 120 )",Medium,96
1106636716,0865604517,27-Nov-2012,"ADD_MONTHS(27-Nov-2012, 120 )",Light,46
6930756237,2513926226,10-Apr-1995,"ADD_MONTHS(10-Apr-1995, 120 )",Motor Cycle,45
9365598400,2475683821,18-Feb-2007,"ADD_MONTHS(18-Feb-2007, 120 )",Medium,41
6027076666,4787572555,11-Oct-1987,"ADD_MONTHS(11-Oct-1987, 120 )",Medium,98
7504042420,4035989835,29-Jul-2005,"ADD_MONTHS(29-Jul-2005, 120 )",Light,19
3703132310,6543192747,29-May-2008,"ADD_MONTHS(29-May-2008, 120 )",Heavy,59
4971483802,9961668596,21-Mar-2011,"ADD_MONTHS(21-Mar-2011, 120 )",Medium,32
5517155502,6448756116,24-Aug-2010,"ADD_MONTHS(24-Aug-2010, 120 )",Heavy,87
0735289026,1893710122,13-Jan-2015,"ADD_MONTHS(13-Jan-2015, 120 )",Light,33
3879216452,8868611279,24-Jan-2014,"ADD_MONTHS(24-Jan-2014, 120 )",Heavy,42
6194286148,9483631475,06-Feb-1974,"ADD_MONTHS(06-Feb-1974, 120 )",Motor Cycle,4
5664155949,4727453789,08-Oct-2015,"ADD_MONTHS(08-Oct-2015, 120 )",Motor Cycle,53
0321301722,3975277424,01-Aug-2007,"ADD_MONTHS(01-Aug-2007, 120 )",Heavy,68
1315107112,2285111452,22-Mar-1971,"ADD_MONTHS(22-Mar-1971, 120 )",Light,28
9238052875,5511980382,01-Sep-1973,"ADD_MONTHS(01-Sep-1973, 120 )",Heavy,37
1895379288,5268222635,26-Oct-1981,"ADD_MONTHS(26-Oct-1981, 120 )",Heavy,42
0418307571,5681587029,02-Dec-2016,"ADD_MONTHS(02-Dec-2016, 120 )",Motor Cycle,21
7009554730,4249036995,09-Sep-2017,"ADD_MONTHS(09-Sep-2017, 120 )",Medium,23
9771980491,9956660574,05-May-1997,"ADD_MONTHS(05-May-1997, 120 )",Heavy,6
7329526517,0330933809,18-Apr-1970,"ADD_MONTHS(18-Apr-1970, 120 )",Medium,38
9056903322,1990899390,03-Jul-2000,"ADD_MONTHS(03-Jul-2000, 120 )",Heavy,29
0020819684,1167989627,20-Aug-2004,"ADD_MONTHS(20-Aug-2004, 120 )",Motor Cycle,25
0815331746,5730116241,29-Jul-1981,"ADD_MONTHS(29-Jul-1981, 120 )",Light,37
5692381052,3905002876,09-Aug-1972,"ADD_MONTHS(09-Aug-1972, 120 )",Light,84
3614164217,0263883159,28-Jan-1988,"ADD_MONTHS(28-Jan-1988, 120 )",Medium,94
9865225328,7803516173,28-Aug-1971,"ADD_MONTHS(28-Aug-1971, 120 )",Heavy,7
7409715251,3148965663,16-Oct-1980,"ADD_MONTHS(16-Oct-1980, 120 )",Light,24
7474607875,8923604836,26-Feb-2011,"ADD_MONTHS(26-Feb-2011, 120 )",Heavy,79
6709010910,4644629456,16-Jun-2010,"ADD_MONTHS(16-Jun-2010, 120 )",Medium,50
1542917557,3548360734,16-Jan-2010,"ADD_MONTHS(16-Jan-2010, 120 )",Heavy,83
5644115089,9901832063,21-Nov-1982,"ADD_MONTHS(21-Nov-1982, 120 )",Medium,16
0869095056,9647702744,17-Oct-1989,"ADD_MONTHS(17-Oct-1989, 120 )",Light,41
1443700541,8325953519,26-Oct-1985,"ADD_MONTHS(26-Oct-1985, 120 )",Medium,97
4539060325,1345352468,11-May-2000,"ADD_MONTHS(11-May-2000, 120 )",Motor Cycle,6
5082403745,9489871435,29-Oct-1983,"ADD_MONTHS(29-Oct-1983, 120 )",Medium,14
8042167482,2236024800,07-Oct-1974,"ADD_MONTHS(07-Oct-1974, 120 )",Light,4
2492885046,4980487564,30-May-1992,"ADD_MONTHS(30-May-1992, 120 )",Light,33
4687695574,6078873547,10-Aug-1998,"ADD_MONTHS(10-Aug-1998, 120 )",Motor Cycle,48
6691294998,3675952487,08-May-1985,"ADD_MONTHS(08-May-1985, 120 )",Motor Cycle,71
4692983329,3293271340,11-Oct-1999,"ADD_MONTHS(11-Oct-1999, 120 )",Light,20
3467390153,1286508827,29-Mar-2001,"ADD_MONTHS(29-Mar-2001, 120 )",Heavy,75
2896175091,9606825582,23-Nov-2000,"ADD_MONTHS(23-Nov-2000, 120 )",Medium,32
9622360319,6780093459,27-Dec-2001,"ADD_MONTHS(27-Dec-2001, 120 )",Medium,79
2185408445,8504698742,25-Feb-1976,"ADD_MONTHS(25-Feb-1976, 120 )",Heavy,99
0276270258,0716431785,15-Aug-1973,"ADD_MONTHS(15-Aug-1973, 120 )",Heavy,21
7113119034,4536650091,06-Mar-1988,"ADD_MONTHS(06-Mar-1988, 120 )",Light,87
9885825223,3407987250,15-Nov-1989,"ADD_MONTHS(15-Nov-1989, 120 )",Motor Cycle,58
2717217320,3814764234,26-Mar-1999,"ADD_MONTHS(26-Mar-1999, 120 )",Motor Cycle,11
2373078171,1896644104,12-Jul-2016,"ADD_MONTHS(12-Jul-2016, 120 )",Medium,25
2329234988,1260344053,17-Jun-1974,"ADD_MONTHS(17-Jun-1974, 120 )",Motor Cycle,79
1513733532,8870560139,19-Jan-2000,"ADD_MONTHS(19-Jan-2000, 120 )",Medium,68
3534342356,8594895534,23-Jan-2013,"ADD_MONTHS(23-Jan-2013, 120 )",Motor Cycle,58
1057166464,4682601636,07-Jan-1973,"ADD_MONTHS(07-Jan-1973, 120 )",Heavy,27
1216485674,3171291916,14-Dec-1985,"ADD_MONTHS(14-Dec-1985, 120 )",Heavy,78
6745224038,1952337577,05-Jun-1970,"ADD_MONTHS(05-Jun-1970, 120 )",Motor Cycle,15
8521098561,8686926703,16-Oct-2009,"ADD_MONTHS(16-Oct-2009, 120 )",Medium,20
0078913446,3046432704,14-Apr-1978,"ADD_MONTHS(14-Apr-1978, 120 )",Motor Cycle,100
9829191443,7780729699,20-Dec-1989,"ADD_MONTHS(20-Dec-1989, 120 )",Motor Cycle,60
2385993015,8968390894,07-Apr-1996,"ADD_MONTHS(07-Apr-1996, 120 )",Heavy,31
7285761931,7849800028,22-Jan-2017,"ADD_MONTHS(22-Jan-2017, 120 )",Medium,35
1018169822,9613431659,08-Feb-1975,"ADD_MONTHS(08-Feb-1975, 120 )",Medium,41
7111781597,4426089433,16-May-2001,"ADD_MONTHS(16-May-2001, 120 )",Light,48
7988070630,1441525947,16-Dec-2004,"ADD_MONTHS(16-Dec-2004, 120 )",Motor Cycle,18
9827620606,3612276050,22-Mar-1975,"ADD_MONTHS(22-Mar-1975, 120 )",Motor Cycle,11
7430981771,1188876767,24-Aug-1995,"ADD_MONTHS(24-Aug-1995, 120 )",Heavy,12
3234745978,8688609799,21-Aug-1990,"ADD_MONTHS(21-Aug-1990, 120 )",Medium,25
2371251445,3335460014,28-Jan-1995,"ADD_MONTHS(28-Jan-1995, 120 )",Motor Cycle,50
4046486376,6180349770,24-Feb-1982,"ADD_MONTHS(24-Feb-1982, 120 )",Motor Cycle,17
4458379445,2903523436,19-Nov-1982,"ADD_MONTHS(19-Nov-1982, 120 )",Medium,37
7584297749,8298337433,28-Aug-2012,"ADD_MONTHS(28-Aug-2012, 120 )",Light,95
9011330927,4662892066,29-Jun-1992,"ADD_MONTHS(29-Jun-1992, 120 )",Heavy,80
5040445377,8021131721,05-Feb-1981,"ADD_MONTHS(05-Feb-1981, 120 )",Medium,18
2997626277,8923895776,14-May-1991,"ADD_MONTHS(14-May-1991, 120 )",Medium,80
2461079854,2209795370,28-May-1986,"ADD_MONTHS(28-May-1986, 120 )",Heavy,23
7922741340,9050022820,15-Aug-2010,"ADD_MONTHS(15-Aug-2010, 120 )",Heavy,89
0765178761,9840148591,07-Aug-1973,"ADD_MONTHS(07-Aug-1973, 120 )",Heavy,3
5471358112,3561247210,08-Oct-1993,"ADD_MONTHS(08-Oct-1993, 120 )",Medium,40
8054309961,3039292714,27-Oct-2009,"ADD_MONTHS(27-Oct-2009, 120 )",Medium,3
4951129280,2243497611,23-Sep-1974,"ADD_MONTHS(23-Sep-1974, 120 )",Light,89
5258269248,6247141157,07-Dec-1999,"ADD_MONTHS(07-Dec-1999, 120 )",Medium,79
5226361173,1305539834,01-Nov-1977,"ADD_MONTHS(01-Nov-1977, 120 )",Heavy,57
7723244037,5790338755,01-Jan-1977,"ADD_MONTHS(01-Jan-1977, 120 )",Heavy,91
1863091122,8959298662,26-Apr-1976,"ADD_MONTHS(26-Apr-1976, 120 )",Light,91
1350849774,5882039681,04-Jan-2001,"ADD_MONTHS(04-Jan-2001, 120 )",Medium,8
1015935834,5229727144,16-Apr-1981,"ADD_MONTHS(16-Apr-1981, 120 )",Light,91
3231695236,0529817357,26-Sep-1988,"ADD_MONTHS(26-Sep-1988, 120 )",Heavy,57
9761653323,2146993332,08-Mar-2001,"ADD_MONTHS(08-Mar-2001, 120 )",Motor Cycle,9
5965442122,5259042441,11-Aug-2000,"ADD_MONTHS(11-Aug-2000, 120 )",Medium,94
5382959919,3411010134,27-Jul-2000,"ADD_MONTHS(27-Jul-2000, 120 )",Heavy,70
1892276267,2725333954,23-Dec-1984,"ADD_MONTHS(23-Dec-1984, 120 )",Medium,75
7969527434,4740881438,09-Jul-2001,"ADD_MONTHS(09-Jul-2001, 120 )",Medium,74
3708248759,6302478251,23-Mar-1980,"ADD_MONTHS(23-Mar-1980, 120 )",Medium,11
7344157608,4606001259,29-Jan-2009,"ADD_MONTHS(29-Jan-2009, 120 )",Medium,55
0721280137,4761340290,10-Aug-2011,"ADD_MONTHS(10-Aug-2011, 120 )",Motor Cycle,64
8816109106,4691098216,09-Jun-1975,"ADD_MONTHS(09-Jun-1975, 120 )",Medium,70
6312652106,1732397864,14-Jun-1986,"ADD_MONTHS(14-Jun-1986, 120 )",Heavy,33
8788969991,0278096824,06-Nov-1977,"ADD_MONTHS(06-Nov-1977, 120 )",Medium,82
9640790451,0393490580,19-Dec-1987,"ADD_MONTHS(19-Dec-1987, 120 )",Heavy,43
0805319107,1210552930,14-Jan-1994,"ADD_MONTHS(14-Jan-1994, 120 )",Light,85
0369116453,2204925241,24-Sep-2015,"ADD_MONTHS(24-Sep-2015, 120 )",Motor Cycle,17
4467191879,8144667964,17-Jul-2009,"ADD_MONTHS(17-Jul-2009, 120 )",Heavy,71
6840585220,0050117459,07-May-1998,"ADD_MONTHS(07-May-1998, 120 )",Medium,90
5767199027,3829865880,16-Sep-2000,"ADD_MONTHS(16-Sep-2000, 120 )",Medium,7
0130946451,2702815758,30-Mar-1988,"ADD_MONTHS(30-Mar-1988, 120 )",Light,30
3793870049,6365715781,06-Aug-2002,"ADD_MONTHS(06-Aug-2002, 120 )",Light,59
9619091310,7291509556,05-Jul-1996,"ADD_MONTHS(05-Jul-1996, 120 )",Light,29
7637577643,3315387451,24-Nov-1975,"ADD_MONTHS(24-Nov-1975, 120 )",Heavy,4
3211454594,1449117783,14-Sep-2008,"ADD_MONTHS(14-Sep-2008, 120 )",Motor Cycle,64
1180900286,2999421281,15-Dec-2011,"ADD_MONTHS(15-Dec-2011, 120 )",Heavy,69
4778950879,6604392325,11-Mar-1984,"ADD_MONTHS(11-Mar-1984, 120 )",Motor Cycle,22
7255020194,2491835576,04-May-2007,"ADD_MONTHS(04-May-2007, 120 )",Motor Cycle,31
9630422387,6518774355,17-Mar-1973,"ADD_MONTHS(17-Mar-1973, 120 )",Light,96
8507093450,9133060185,17-Sep-1991,"ADD_MONTHS(17-Sep-1991, 120 )",Heavy,68
0166673684,7764026034,12-Oct-2017,"ADD_MONTHS(12-Oct-2017, 120 )",Light,54
7605203497,5460215374,01-Jan-2008,"ADD_MONTHS(01-Jan-2008, 120 )",Medium,89
7540792841,9523322036,20-Nov-1982,"ADD_MONTHS(20-Nov-1982, 120 )",Medium,2
2307982221,6498839481,04-Aug-1975,"ADD_MONTHS(04-Aug-1975, 120 )",Motor Cycle,64
8868822997,2216347116,16-Aug-1996,"ADD_MONTHS(16-Aug-1996, 120 )",Light,45
6881333978,5188049139,08-Jan-2006,"ADD_MONTHS(08-Jan-2006, 120 )",Medium,2
7113667627,2056259710,19-Oct-1982,"ADD_MONTHS(19-Oct-1982, 120 )",Motor Cycle,44
9517792867,3561284809,18-Apr-2013,"ADD_MONTHS(18-Apr-2013, 120 )",Motor Cycle,72
3782971353,9709041436,09-Jul-1987,"ADD_MONTHS(09-Jul-1987, 120 )",Heavy,76
7525845867,8141449745,16-Jan-2017,"ADD_MONTHS(16-Jan-2017, 120 )",Light,53
3511030013,8714600846,19-Sep-2017,"ADD_MONTHS(19-Sep-2017, 120 )",Medium,82
1819712176,6023641482,22-Jun-1973,"ADD_MONTHS(22-Jun-1973, 120 )",Medium,73
1321446098,1918196362,11-Jul-1983,"ADD_MONTHS(11-Jul-1983, 120 )",Motor Cycle,27
1001297040,5658100151,30-Nov-1978,"ADD_MONTHS(30-Nov-1978, 120 )",Heavy,60
8961109170,0461284243,22-May-1990,"ADD_MONTHS(22-May-1990, 120 )",Heavy,69
4466996598,0829231900,18-Jan-2001,"ADD_MONTHS(18-Jan-2001, 120 )",Heavy,79
8350905018,1325278483,21-Aug-1983,"ADD_MONTHS(21-Aug-1983, 120 )",Medium,41
5124582413,7158018288,06-Jul-1972,"ADD_MONTHS(06-Jul-1972, 120 )",Heavy,2
2153531004,8906736649,10-Apr-2003,"ADD_MONTHS(10-Apr-2003, 120 )",Light,69
3707093786,2679019563,28-Aug-1989,"ADD_MONTHS(28-Aug-1989, 120 )",Medium,36
9600968802,0740697064,25-Apr-1996,"ADD_MONTHS(25-Apr-1996, 120 )",Light,54
9744041935,0944613780,15-Apr-1994,"ADD_MONTHS(15-Apr-1994, 120 )",Medium,17
1437239811,8899127980,31-May-1980,"ADD_MONTHS(31-May-1980, 120 )",Light,2
6823297263,0017859549,27-Aug-2002,"ADD_MONTHS(27-Aug-2002, 120 )",Medium,42
4400955540,3137849896,16-May-1975,"ADD_MONTHS(16-May-1975, 120 )",Motor Cycle,35
5810504736,1355936942,05-Jan-1979,"ADD_MONTHS(05-Jan-1979, 120 )",Light,35
5684605540,9581402748,18-Apr-1986,"ADD_MONTHS(18-Apr-1986, 120 )",Medium,53
7609720933,8035823515,01-Aug-1976,"ADD_MONTHS(01-Aug-1976, 120 )",Light,23
9249980752,1224227212,01-Jun-2013,"ADD_MONTHS(01-Jun-2013, 120 )",Medium,45
8733769273,0124596282,12-May-1973,"ADD_MONTHS(12-May-1973, 120 )",Light,59
9934732513,3415869229,14-Jul-1985,"ADD_MONTHS(14-Jul-1985, 120 )",Medium,91
1897465556,9552422906,01-Jul-1980,"ADD_MONTHS(01-Jul-1980, 120 )",Motor Cycle,27
4789342433,7182401029,29-Jan-1973,"ADD_MONTHS(29-Jan-1973, 120 )",Medium,11
6419453526,5311310030,23-Sep-2008,"ADD_MONTHS(23-Sep-2008, 120 )",Medium,27
0450400948,2476926558,12-Apr-2009,"ADD_MONTHS(12-Apr-2009, 120 )",Medium,85
8173574804,2134732865,14-Oct-1982,"ADD_MONTHS(14-Oct-1982, 120 )",Heavy,3
0844006947,7566274902,24-Apr-2010,"ADD_MONTHS(24-Apr-2010, 120 )",Medium,6
7618814244,2016904658,28-May-1972,"ADD_MONTHS(28-May-1972, 120 )",Motor Cycle,35
7357376524,3200359951,13-Apr-1983,"ADD_MONTHS(13-Apr-1983, 120 )",Medium,77
6749499953,0486988465,23-Jul-2008,"ADD_MONTHS(23-Jul-2008, 120 )",Heavy,63
9986865735,1664450335,20-Jul-1997,"ADD_MONTHS(20-Jul-1997, 120 )",Motor Cycle,10
1417955279,4681003794,19-Mar-2000,"ADD_MONTHS(19-Mar-2000, 120 )",Medium,76
0327929332,7018432235,03-Jan-2005,"ADD_MONTHS(03-Jan-2005, 120 )",Light,44
5457636887,0623191776,13-May-1975,"ADD_MONTHS(13-May-1975, 120 )",Heavy,90
0007173903,0888608950,26-Jan-1980,"ADD_MONTHS(26-Jan-1980, 120 )",Heavy,20
3047514577,0033705054,15-Dec-1999,"ADD_MONTHS(15-Dec-1999, 120 )",Light,17
9990400687,9859073619,25-May-1997,"ADD_MONTHS(25-May-1997, 120 )",Motor Cycle,69
5470871045,0386220689,23-Jul-2001,"ADD_MONTHS(23-Jul-2001, 120 )",Medium,15
1670699366,7328246170,20-May-2002,"ADD_MONTHS(20-May-2002, 120 )",Light,31
0994440502,6120637508,02-May-1996,"ADD_MONTHS(02-May-1996, 120 )",Light,37
7825904745,7411571504,11-Sep-1980,"ADD_MONTHS(11-Sep-1980, 120 )",Motor Cycle,53
4009610689,2360905988,07-Feb-2002,"ADD_MONTHS(07-Feb-2002, 120 )",Motor Cycle,90
3766712683,6851682753,12-Oct-1986,"ADD_MONTHS(12-Oct-1986, 120 )",Heavy,96
0215599691,5908147656,22-Sep-1974,"ADD_MONTHS(22-Sep-1974, 120 )",Heavy,7
4854818794,0464579201,27-Aug-1985,"ADD_MONTHS(27-Aug-1985, 120 )",Motor Cycle,16
6682728743,4101383421,06-May-1970,"ADD_MONTHS(06-May-1970, 120 )",Light,16
7993512476,1030734291,28-Sep-2005,"ADD_MONTHS(28-Sep-2005, 120 )",Heavy,31
0974588024,9026140827,11-Apr-1978,"ADD_MONTHS(11-Apr-1978, 120 )",Heavy,5
9122279903,6439958666,02-Jun-2003,"ADD_MONTHS(02-Jun-2003, 120 )",Light,93
5563276066,5793148019,08-Sep-1975,"ADD_MONTHS(08-Sep-1975, 120 )",Heavy,61
9489172960,3740615605,27-Feb-1986,"ADD_MONTHS(27-Feb-1986, 120 )",Light,56
7632756590,9745364479,09-Dec-1974,"ADD_MONTHS(09-Dec-1974, 120 )",Light,55
5986742524,8950935902,13-Mar-2001,"ADD_MONTHS(13-Mar-2001, 120 )",Light,45
5404855711,3122241293,10-Jul-1975,"ADD_MONTHS(10-Jul-1975, 120 )",Motor Cycle,58
5353462874,2163415961,22-Oct-1997,"ADD_MONTHS(22-Oct-1997, 120 )",Light,1
3711078184,9138172240,17-Jan-2005,"ADD_MONTHS(17-Jan-2005, 120 )",Medium,41
4755964369,8721935726,20-Apr-2017,"ADD_MONTHS(20-Apr-2017, 120 )",Heavy,29
