Owner_NID,Name,Address,eTIN,Mobile_No
3536052886,Phil Bucksey,32 Hollow Ridge Parkway,04-364-3692,+46 634 969 2227
4225952762,Bordy Limrick,3 Jenifer Alley,95-004-8027,+1 702 884 0550
3235102841,Krystalle Glantz,3 Hanson Drive,74-439-1086,+7 156 626 9501
3331371300,Cullen Lifsey,253 Express Court,89-354-2859,+62 308 153 0734
8624508517,Consuelo Box,86 Mandrake Hill,61-274-7613,+62 884 810 5705
8812488005,Sindee Whitland,266 Prairieview Street,66-079-5075,+381 438 682 1995
4955641172,Milly Cackett,4 Corscot Trail,10-915-2847,+420 252 220 1581
7457964606,Ingelbert Ruffle,0 Dennis Pass,69-958-8702,+380 669 531 8307
6716241760,Hyacinth Peniman,49 Macpherson Street,48-596-4747,+963 967 462 8657
8267614346,Raul Tabary,5701 Crowley Place,65-944-9596,+63 589 701 4007
6991297151,Simona Plaunch,356 Claremont Trail,26-512-9458,+86 923 690 9515
4999746913,Shirlene Orgee,95 Carey Street,73-678-0681,+86 175 769 0785
3168829145,Pinchas Forsyde,295 Kropf Hill,30-805-9053,+52 484 987 2037
6421784143,Egon Hufton,308 Elgar Street,30-489-8765,+48 329 241 5624
6225460578,Mitchell Fury,343 Hoffman Lane,48-353-0623,+55 728 810 0977
2101861259,Jaimie Lilley,33436 Briar Crest Trail,43-632-4550,+1 245 538 0978
1565134060,Niel Willerson,68009 Graceland Terrace,20-733-1883,+63 695 335 3265
9296162297,Paulo Hurrell,58284 Vahlen Junction,28-233-4403,+58 699 987 5352
6578536558,Julee Grovier,752 Mccormick Parkway,18-626-1117,+81 984 995 5014
9415849290,Auroora Armytage,591 Novick Place,91-966-8617,+62 530 561 6559
5482066703,Darcy Patsall,224 Melody Avenue,30-604-7927,+86 328 786 9112
1492273163,Delphinia Smallacombe,1 Michigan Hill,82-680-9027,+86 463 577 3720
2063185107,Yard McCraw,02 Hansons Pass,04-370-7309,+47 728 434 0393
4132150410,Valentino Renak,92 Judy Court,33-700-6621,+86 312 581 0444
6986320612,Isabelle Hessenthaler,198 Knutson Road,84-517-2627,+48 434 584 4150
1040820735,Clotilda Kose,4 Larry Trail,01-297-2228,+63 537 181 2102
3278545486,Sonia Novotna,065 Esch Lane,89-625-6799,+55 429 441 3103
1433404656,Calypso Kennon,3 Granby Way,82-323-6888,+33 749 310 5897
0760960364,Joyan April,227 Bowman Terrace,50-155-7355,+7 325 293 0820
5286913865,Lannie Antonoyev,898 Lerdahl Park,84-039-0707,+63 869 480 8224
8808182835,Duncan Merrington,346 Washington Lane,64-846-7872,+386 275 292 6255
7397593828,Kenyon Capell,3780 Helena Pass,96-167-8581,+51 872 674 6573
3788053755,Vin Di Maria,766 Waxwing Lane,47-782-2218,+86 752 259 2291
7426937674,Hunter Ladel,82826 Dexter Court,09-654-9508,+1 702 592 6069
3711256759,Berrie Arboine,969 Lien Terrace,80-555-0824,+86 914 476 4557
5932436476,Cindy Partleton,34 Stang Park,41-581-7696,+389 511 869 8844
8936940554,Thacher Cofax,5 Clemons Way,76-421-3261,+95 216 196 4922
4559150354,Oswell Hryniewicz,57 Maywood Parkway,87-196-8844,+48 223 909 5311
8084923501,Brion McMonnies,88413 Hazelcrest Junction,87-130-5499,+33 867 710 8051
8335978603,Tobin MacAiline,72 Thompson Avenue,68-581-2194,+62 704 804 6204
9640136611,Peyter Bratcher,7110 Scofield Road,90-775-4313,+86 307 412 8301
0351760997,Leona Geraudel,4869 Maryland Park,07-457-9973,+62 489 980 6751
2514421489,Floyd Llewellen,738 Monterey Drive,03-278-5234,+58 275 271 1638
3649331896,Bartel Blanchet,0066 Spaight Trail,63-402-5689,+86 882 518 8731
2601108592,Bernhard Jovasevic,5 Claremont Park,49-657-4566,+7 555 307 4690
8246783815,Kelly Tams,32131 Forster Crossing,45-284-5667,+93 744 761 7414
6834426280,Zarah Tasseler,94 Towne Center,80-316-5256,+63 597 383 7567
4983416218,Felisha Lambillion,46299 Larry Way,70-020-5590,+82 635 810 8972
9478212494,Thacher Skerme,69892 Hansons Circle,58-720-7927,+86 156 866 9450
0355007789,Rosemary Orgee,773 Corben Drive,05-830-4291,+1 757 802 4696
1835952275,Christoffer Baudone,0 Oak Park,23-586-7378,+86 899 439 6291
3467386504,Sherlocke Grundle,5 Victoria Hill,37-230-8851,+86 367 113 4661
8456309257,Shurlock Garahan,19698 Carioca Parkway,61-909-9678,+7 481 372 7262
1199399051,Daryl Skelhorn,6 Vernon Center,43-707-4951,+216 458 980 8447
9531536570,Francois Penkman,5 Garrison Drive,82-196-1011,+62 834 620 4450
7342654043,Etan Cracie,9887 Old Shore Terrace,95-902-0090,+7 659 984 1247
4405634521,Em Chancelier,6106 Marcy Avenue,74-100-2785,+33 698 716 5015
5252106770,Casey Piecha,458 Acker Way,44-601-7278,+62 604 350 9585
1926048199,Retha Boni,14 Westridge Hill,27-315-7800,+86 919 425 0374
9218201425,Ruthie Thomkins,269 Summer Ridge Park,31-774-5898,+1 220 945 7322
2848404884,Gayel Mangion,70189 Stoughton Junction,71-462-1231,+263 104 696 2012
1221870440,Dex McGahey,02 Toban Circle,33-990-2839,+389 205 802 9139
5353363698,Sheilakathryn Swindells,60906 Butterfield Avenue,08-229-9395,+86 928 675 5860
8125628428,Shandee Elias,32843 Westport Plaza,27-473-3757,+55 254 943 8425
4177415162,Spenser Elphick,4 Blaine Terrace,70-282-9500,+86 178 587 8714
0089473981,Fabien Sharnock,881 Thompson Plaza,52-180-2940,+62 463 479 2244
5080085762,Carolann Lubman,332 Canary Trail,08-572-4040,+387 384 939 1803
9529569386,Natalina Bovaird,15036 Tomscot Trail,17-626-6419,+234 238 265 6345
7945495869,Cahra McGraith,79410 Sundown Park,99-670-7150,+56 517 140 9757
7218970427,Eamon Nutter,08 Namekagon Junction,38-783-4071,+51 545 549 8631
9839028057,Aila Kupec,5129 Ruskin Trail,80-014-7411,+351 348 781 2867
8450259665,Bogart Climer,0 Fairview Drive,38-458-7550,+62 662 778 7503
1625421362,Enrika Calbrathe,82215 Butterfield Terrace,76-719-8779,+62 142 922 4159
7122317501,Marianna Minett,7 Anderson Terrace,47-233-7310,+62 226 783 8442
8272673355,Elinore Gazzard,22 Messerschmidt Crossing,18-027-9856,+7 547 288 6316
7185637961,Katleen Antuoni,9250 Northfield Junction,94-409-9687,+7 183 391 3241
7826365775,Petey Babon,463 International Point,36-039-8043,+55 429 238 5000
3258552908,Arabel Josiah,12 Messerschmidt Center,68-767-3055,+86 642 498 6813
5645344251,Camile Pina,3 Orin Terrace,53-167-4406,+55 163 636 9759
4473025640,Rozele Cluckie,645 Sutteridge Center,53-655-1386,+31 249 902 3559
4286907457,Amalia Blackham,795 Mockingbird Avenue,40-267-0060,+57 203 553 4471
0464448719,Rosalind Thouless,560 Bobwhite Street,70-795-4705,+62 297 271 6549
6626624466,Ulrica Pattingson,231 Gerald Lane,85-454-9521,+57 839 602 6276
7761697973,Hunfredo Hefford,5 Browning Court,00-795-2599,+44 635 641 5101
7803523064,Maegan Selman,80721 Declaration Lane,45-546-8060,+48 791 821 8119
6254965380,Giles Struttman,0815 Fulton Circle,03-794-8098,+241 602 762 2499
1432723871,Glyn Kosiada,49 Dakota Terrace,93-073-6512,+7 608 660 1620
6299024720,Brittaney Kirkby,08691 Dixon Parkway,86-754-1766,+53 669 396 5841
4545032346,Rea Littell,06852 Arkansas Park,02-966-3767,+230 558 248 0926
2290266450,Brenden Wardesworth,715 Ruskin Terrace,87-017-3733,+63 298 663 0705
0139582452,Shannen Krolle,7765 Moose Street,63-708-4117,+1 757 418 5114
2825028398,Wilmer Monget,10 Mockingbird Park,26-091-3929,+1 103 738 3908
3719978508,Teddie Stapley,6 Moose Street,27-427-1994,+52 981 901 0543
3314311885,Geralda Pougher,3640 Butterfield Lane,42-199-8012,+352 454 610 3111
1269738895,Lurette MacIlurick,06638 Thackeray Plaza,15-706-2092,+7 976 313 5661
2271635357,Ambrosius Biagini,3 Basil Junction,45-654-9132,+86 216 545 1396
6879276733,Chris Spinley,34 Hudson Point,16-135-6404,+46 176 606 8504
0466970927,Isa Tolworthie,931 Daystar Street,58-598-9736,+63 311 512 9323
4402505321,Dawn Cormack,41 Monterey Road,07-989-7826,+62 874 310 9955
5672046517,Katee Vinter,2202 Sullivan Trail,47-075-5774,+48 285 505 0176
7115006598,Johannes How,541 Erie Place,65-585-4000,+33 416 759 7518
2142900550,Tess Fredson,3229 Cottonwood Pass,83-277-9081,+62 309 575 3978
8796970545,Randy L'Amie,86 Knutson Junction,35-213-5664,+7 181 829 8599
3643962967,Wynny Legg,64994 Rusk Place,45-419-2759,+62 851 489 0362
5695554276,Kass Maynell,8133 Ryan Hill,67-357-9328,+7 928 279 2800
9044448803,Paxon Matts,2563 Loomis Crossing,61-995-7399,+86 288 649 2542
2633331246,Daisie Readitt,5097 Jay Street,41-289-7416,+380 612 199 1242
0458802379,Junia Albisser,0082 Melrose Center,31-101-2775,+52 621 426 3549
5391057531,Carey Earie,56 Florence Alley,41-292-4293,+509 169 761 5658
1469523833,Daveen Kmicicki,75 Glacier Hill Park,73-793-2098,+374 168 168 6390
2770000055,Kasey Rojas,1045 Sugar Parkway,37-368-2558,+55 980 180 2224
2503668623,Paton Tetther,3 Ilene Pass,15-398-0608,+7 492 208 1767
4808479583,Wynny MacCurlye,1375 Orin Center,37-589-3108,+55 442 306 5544
7514504958,Hedda MacIan,83 Welch Trail,79-395-8165,+380 162 611 4700
4613653703,Terrel Davidesco,4 Beilfuss Plaza,90-645-2765,+7 252 852 5392
3743646781,Heda Bollini,600 Pond Avenue,37-499-6334,+380 428 426 3746
5573760726,Cassondra Ranking,2 Quincy Road,96-459-5421,+81 988 987 8555
3237816698,Kris Howes,89 Brown Avenue,26-857-6984,+86 346 323 5520
2525206797,Kippie Scholer,66812 Talmadge Circle,47-267-2615,+48 500 344 9473
8162465553,Bone Damiral,55537 Cambridge Court,54-555-3536,+62 697 170 5055
8091543085,Crystal Hawker,42496 Warbler Lane,86-548-5395,+351 368 685 5032
9675062614,Gerome Vannuccinii,5 Eliot Alley,20-523-6381,+7 454 175 6869
9092223239,Bellanca Ecclesall,73 Lakeland Way,26-445-8328,+55 448 732 6509
6219172183,Forester Cupitt,6 Harbort Center,70-729-2258,+60 755 183 8620
4630107193,Bunnie Hynson,71 Hanover Point,49-582-9856,+7 772 216 7884
4414315069,Jerrold MacIllrick,58 John Wall Parkway,55-091-8679,+86 350 364 2557
3152416628,Karisa Derle,495 Thackeray Plaza,63-675-4958,+351 876 938 3787
9499249346,Emmalynne Blanc,12071 Rutledge Center,40-912-0059,+55 516 733 3138
6652560909,Mellisa Kield,55909 Norway Maple Crossing,46-015-2864,+63 467 462 4907
5553180414,Allissa Povall,3 Ludington Lane,91-088-5237,+86 573 721 5572
1751217124,Emmie Larham,131 Summerview Junction,67-273-4441,+57 379 209 3912
1115500090,Arlette MacIlwrick,68 Memorial Hill,21-739-9968,+63 817 379 4948
7487135217,Alonso Dempsey,93 Pennsylvania Center,18-429-3439,+970 569 710 9295
9497057911,Doug Stilgoe,253 Hanson Street,47-958-0189,+55 432 884 9894
8259658739,Sue Caban,953 Elgar Street,91-374-2459,+86 811 255 5286
5987352835,Haywood Priddle,896 Caliangt Junction,53-399-8805,+55 541 646 8970
5509553049,Kelvin Whitefoot,3 Mccormick Terrace,86-621-3428,+86 782 268 0275
0380944774,Wolfie Swiffin,48 Maple Hill,68-973-5028,+55 929 519 0396
3701792119,Ariel Beach,37874 Dwight Parkway,97-416-9720,+505 420 858 4499
0722368348,Boris Richley,9 Anhalt Crossing,26-816-0350,+356 757 132 3226
8388275097,Ernestine Braga,1 Golden Leaf Parkway,29-484-3775,+62 693 225 8586
5318670792,Kinna Gyse,44 Hoffman Pass,45-337-8474,+63 109 335 3677
3479118054,Puff Eveque,6 Golden Leaf Pass,31-545-0053,+62 465 248 8401
9451110461,Bendite Sinkin,61 Vermont Way,89-514-0287,+1 282 948 0926
5889404288,Artus Spitell,52910 Pawling Junction,89-086-8293,+970 766 276 4577
8233238775,Abbott Jahnisch,09059 Sachs Crossing,54-999-1266,+232 814 581 5001
4447767392,Ernie Roma,1 Clyde Gallagher Trail,97-327-9825,+235 565 349 1342
7002489771,Arri Hyder,6 Buhler Place,15-750-2150,+62 653 217 0105
4236740311,Gypsy Smurfitt,4 Carpenter Circle,63-464-8322,+62 568 422 3289
7284635800,Edouard Whistlecroft,6 Bayside Court,19-692-9163,+63 478 746 1753
4675180728,Bryant Lovel,5939 Russell Trail,11-987-3939,+62 304 256 9596
2058389417,Desdemona Mandel,4 Armistice Road,81-007-9509,+46 541 308 7730
3579673009,Marcellina Lumsdall,0642 Arapahoe Point,75-108-5161,+53 261 636 0317
1569054983,Lulu Hourihane,855 Burning Wood Trail,26-724-9964,+63 989 386 0852
2033349128,Caressa Capelin,0128 Clyde Gallagher Lane,78-479-6928,+353 629 386 4637
5381850018,Waylin Butterwick,59 Scott Pass,68-769-0281,+86 395 940 3128
5550223090,Calhoun Craw,35 Kipling Center,03-904-2059,+86 437 843 4492
1797617044,Nahum Peirazzi,37331 Basil Pass,39-803-6958,+351 706 222 8959
7663295102,Marcellus Eagles,2 Daystar Park,86-965-6481,+86 316 832 9188
0791443264,Kellie Gammie,7 Schlimgen Drive,23-332-9978,+44 316 980 5769
3559145473,Gerrie Menlow,91156 Calypso Way,90-882-4499,+998 896 888 0007
0276655818,Nicky Baurerich,8428 Valley Edge Road,39-463-3237,+33 775 896 1423
1825585830,Melva Scourfield,51532 Barnett Lane,80-182-9783,+52 546 274 1647
6100321270,Alberik Jacobsen,34 Merrick Point,56-466-1969,+234 532 912 1943
8465909881,Essy Scourge,798 Luster Crossing,66-950-2141,+505 510 626 1328
6630734556,Quint Wilse,868 Mesta Parkway,30-904-6361,+66 575 898 6307
0487609271,Brandi Hartfleet,40 Lakewood Court,57-217-1867,+86 966 868 3134
7175877048,Mel MacNeill,5771 Lakewood Parkway,82-304-8471,+20 720 212 4546
3818929726,Myrah MacCallum,2160 Green Ridge Plaza,91-489-7411,+62 168 578 5514
7642083009,Briggs Paxeford,3660 Knutson Hill,37-368-9294,+62 563 797 2159
8527330105,Marybelle Eagles,2407 Northfield Center,23-856-2504,+968 195 610 6483
6468070422,Pat Worsall,818 Eastwood Street,07-643-3931,+63 946 392 4840
5965583109,Morten Dennis,72 Messerschmidt Point,26-906-2129,+86 585 122 3728
1404989692,Prudy Maffia,5416 Swallow Hill,79-075-4623,+387 203 336 4084
4754742362,Laurice Stawell,554 Anhalt Point,69-183-8817,+374 863 475 7780
7476317289,Cherice Utterson,6 Westport Place,24-455-6122,+48 124 417 4593
5332313454,Hollyanne Raubenheim,2 Porter Way,51-633-4766,+86 451 284 9573
5732745882,Chery Kember,3134 Fordem Parkway,34-906-9767,+86 340 333 7849
0492861412,Norri Durnin,395 Victoria Street,55-583-2996,+46 111 282 2453
0567574393,Quentin Domerq,34 Mayfield Park,30-362-3795,+86 138 430 1182
0861362144,Ashlin Blenkinship,3 Forest Dale Trail,45-052-9282,+54 244 334 6480
2373952335,Donica Blethin,4834 Anthes Lane,92-453-1110,+86 862 567 9286
7149376959,Cynde Rodie,95 Straubel Place,99-057-6141,+351 515 328 5493
7621669535,Julius Godding,17 Birchwood Point,48-253-1175,+86 704 165 2798
2412537763,Jesselyn Obern,68932 Marquette Point,40-830-4749,+86 267 398 1182
6264420514,Cherilyn Zanetti,885 Magdeline Drive,16-642-8534,+47 794 939 3499
9071333418,Rivkah Grunguer,660 Beilfuss Park,82-765-6718,+359 365 656 5304
3587496609,Prince Bellow,53 Kenwood Drive,52-253-9150,+62 140 330 5540
4363038322,Malynda Cockhill,58 South Hill,42-205-6205,+880 484 705 2342
7628608140,Benito Butland,63 Gale Circle,96-712-6667,+33 218 694 7108
5948009009,Pepito Bambrugh,87966 Hanover Street,92-557-4267,+1 916 147 0870
5995627414,Arlette Newens,630 Delaware Way,85-292-0418,+7 831 243 0799
7971893590,Vivien Dorian,2 Towne Court,15-074-3085,+7 956 841 5486
6280000184,Darrelle Lehrer,591 Schurz Park,25-079-4670,+256 215 393 4745
4430860602,Germaine Lavigne,138 Northwestern Avenue,51-156-2284,+7 373 721 0985
2800348577,Denys Nalder,05358 Prairieview Park,92-987-3654,+58 706 545 1268
1727592123,Vaclav Nolan,828 Myrtle Road,71-953-9643,+48 214 383 1656
7640430844,Rosabella Blancowe,416 Emmet Crossing,03-488-2318,+591 209 386 2881
8769384002,Kaine Tunn,69 Surrey Court,58-960-9319,+7 353 451 5215
9934470799,Paddy Jelleman,68 Cascade Way,81-647-0971,+64 727 211 4377
6065978574,August Iacovielli,729 Reindahl Trail,14-858-8639,+86 464 104 9718
1386952273,Nicolais Axton,38 Eastlawn Lane,62-024-9749,+55 169 664 5800
4444275707,Davidson Cello,2 Toban Terrace,18-980-1943,+48 445 854 1923
5114515535,Giff Bulfoy,07425 Loftsgordon Road,16-871-4943,+62 392 748 6687
5720851755,Jammal Girault,4 Pennsylvania Junction,54-173-5413,+86 392 478 6719
1239875436,Viole Golley,04338 Schlimgen Junction,98-823-6063,+62 118 303 1332
3819762086,Dion Gobeau,20211 Cherokee Court,02-052-0100,+218 437 262 3870
7566319264,Samuel Chomiszewski,1870 Namekagon Street,89-981-4583,+232 467 910 1843
3873858037,Janetta Rumke,1573 Dakota Lane,50-991-3038,+86 734 734 8187
3619146411,Odelia Creaser,932 Northland Terrace,37-475-2291,+33 819 461 2666
7202049198,Dyann Davall,0143 Arrowood Way,92-947-4539,+351 698 545 8230
6546673398,Petra Delamaine,2322 Kensington Way,74-560-0802,+86 493 657 1528
4740228416,Adlai Machent,4609 Bunker Hill Street,47-686-5585,+61 116 401 7437
5817027186,Emmit Etteridge,0 Lakewood Gardens Road,10-938-4881,+353 164 920 9775
7059012850,Marnie Brereton,5 Summerview Place,33-480-9745,+55 804 102 4692
9868051096,Auguste Palfreman,21091 Arapahoe Circle,88-203-7795,+33 983 347 8968
5810981046,Munroe Mullan,0 New Castle Court,06-385-7547,+62 212 561 2813
7946813848,Rodie Trowsdall,375 Lillian Crossing,00-097-7141,+86 289 484 3459
4360755821,Olivette Betteson,7953 Loeprich Circle,66-605-2323,+63 895 128 2494
9478393804,Lenna Pincked,919 Towne Lane,27-089-3832,+86 106 422 0509
0019634013,Sibilla Pullin,7034 Truax Trail,81-595-0140,+86 123 438 0059
9640419737,Marve Maxweell,60567 South Drive,37-645-4513,+92 977 942 3037
0298783622,Ogden Bedwell,00454 Sutherland Pass,87-979-7231,+46 648 955 0279
0295485124,Reamonn Sammes,6212 Sommers Hill,93-704-1542,+212 455 618 3200
3331222488,Moritz Hantusch,5 Monica Alley,93-945-1692,+66 488 781 5694
3178641629,Lukas Barensen,000 Gina Junction,00-217-4511,+33 918 827 3673
5220496727,Ari Kelk,9247 Linden Plaza,40-117-9768,+86 763 222 2024
0194559971,Jolee Davies,79850 Annamark Way,65-552-4884,+86 692 562 1401
6984262968,Corbett Swalteridge,24951 Barnett Junction,48-399-5251,+81 229 747 1003
1042825653,Bowie Anstiss,995 Lakewood Circle,17-501-0034,+48 854 614 9434
4829433922,Larina Ingles,1 Fair Oaks Center,23-740-4618,+389 809 359 7363
7292183255,Graham Osmint,10 Elka Place,55-504-5108,+86 641 648 4513
4591272397,Diane-marie Dwyr,674 Namekagon Alley,15-391-7775,+62 841 783 3391
0916761185,Sonnie O'Dowd,3 Clemons Center,87-016-9491,+86 448 829 1000
4451903076,Naoma Dodd,71594 Towne Street,09-882-6244,+255 945 783 1923
5628173142,Gabriele Weathers,51854 Butterfield Way,95-941-2999,+234 876 377 8339
4213777391,Odele Krause,06888 West Road,17-226-8368,+62 787 923 0429
7579238411,Harwilll Duprey,4 Monterey Drive,43-406-5547,+86 612 293 3824
8703788679,Ketti Thomasson,31947 Shelley Center,33-105-3830,+7 241 229 0833
8137646388,Mame Baggelley,2 Grover Junction,11-431-1222,+86 344 447 7857
6095339529,Carine Gittens,9474 Boyd Junction,19-283-3844,+966 436 376 5229
5809708536,Chrissie Escritt,198 Petterle Terrace,98-842-9974,+228 831 892 3425
0217732747,Hamil Linsay,604 Bay Street,69-202-6292,+504 403 675 1824
8446618850,Welsh Ryburn,104 Esker Place,26-164-6934,+254 247 930 9571
9604665219,Bria O'Connolly,053 Raven Place,79-684-6983,+7 999 338 6799
7572016014,Neila Gurry,51339 Bellgrove Hill,24-304-2310,+86 938 259 7995
1313427306,Tomaso Dobby,9226 Green Plaza,87-905-1770,+57 365 928 3394
0892368624,Patricia Bothie,98 Algoma Avenue,39-713-0611,+351 447 599 3692
2790206074,Alene Lillico,2872 Thompson Street,75-756-6439,+86 503 315 9915
1794842187,Abbye Brunon,531 Morning Street,58-871-9623,+33 372 324 0597
6733923572,Ulrick Attryde,9846 Manley Terrace,84-468-1551,+33 978 493 7038
1703630068,Bing Bockmann,956 Melby Alley,18-983-0669,+86 399 548 8403
2500730441,Nettie Glyn,437 Hansons Drive,14-393-5988,+420 167 834 2520
4428402708,Rudd Yukhnin,3551 Debra Crossing,34-845-2455,+54 802 994 3927
1882974727,Freddi Attlee,3859 Mockingbird Street,69-509-7271,+86 129 737 1344
7136423368,Otha Paddick,36822 Oak Lane,85-719-0289,+970 578 459 9563
2735938069,Thaddeus Fawley,4 Canary Place,53-533-8349,+381 421 464 3813
5706788936,Blisse Badgers,942 Vera Hill,48-104-7289,+383 124 380 9102
6770257181,Wiley Parbrook,5 Green Ridge Road,59-103-0280,+372 466 746 0013
1209725460,Saunder Edlyn,0923 Lotheville Alley,81-606-8015,+48 914 383 0740
3230543858,Des Possa,9 Portage Center,93-691-9410,+970 911 364 2594
1145294200,Dorice Feetham,777 Moose Alley,95-605-2087,+66 925 502 7644
3774353034,Arlyne O' Clovan,43 Mandrake Junction,93-477-6273,+92 856 760 8028
5992261222,Dalis Gilberthorpe,13 Saint Paul Pass,76-064-9567,+54 720 430 1597
5639440872,Jolyn Ainsbury,9913 Village Way,70-287-3780,+7 216 858 0199
3731933780,Pascale Ormerod,538 Comanche Circle,56-151-7613,+504 117 763 8802
6513105102,Christie Golbourn,5489 Blue Bill Park Center,87-959-5738,+86 519 749 1790
3243014190,Arlen Grayham,173 8th Drive,61-794-9983,+7 813 594 9263
0074947095,Belita Lammin,47377 Straubel Way,04-071-6825,+420 682 118 0024
5644623505,Dante Smiz,94674 Hansons Lane,36-669-9427,+234 266 687 7479
3455147690,Erek Wedgwood,98 Hauk Way,47-226-5313,+81 377 263 2737
5794310553,Tom Strewthers,145 Schiller Crossing,13-470-3076,+7 320 577 6217
8113311378,Sargent Circuit,406 Grasskamp Place,01-154-8624,+62 354 341 9826
2275870792,Cosimo Jeune,40746 Blue Bill Park Road,83-481-5618,+48 303 471 4796
7068517838,Matthieu Tilston,79 Dapin Park,36-742-8530,+234 472 931 9434
0547151403,Coralyn Gallie,4 Spenser Park,81-882-5892,+48 599 866 9136
0971181756,Brewer Preist,30785 Amoth Alley,93-921-3296,+86 359 852 0173
0785349634,Nadeen Danell,201 Melby Place,45-369-8888,+242 627 480 7480
9695683150,Britt Priddis,4 Laurel Crossing,82-561-6710,+420 714 815 4741
7539362383,Dillie Emmerson,2 Declaration Terrace,87-028-5264,+58 880 644 6600
1185743782,Ariana Bowen,98619 Butternut Terrace,43-183-8453,+46 759 524 3304
3720166341,Milo Donet,98033 Hoepker Street,94-447-5188,+383 170 451 9472
5750001741,Karen Amburgy,161 Pleasure Drive,23-954-8859,+386 313 141 2805
9204556242,Kellyann Pandey,8953 Nelson Plaza,75-008-0239,+86 489 161 3455
2440130656,Candy McAster,740 Dahle Pass,89-173-7447,+265 169 882 9857
9586345688,Ruthanne Carver,3 Carey Circle,41-405-3392,+86 554 529 4554
4861141672,Reggy Lambdean,25 Northland Lane,00-012-2047,+48 343 455 9232
3849313131,Netti Bentick,09 Bobwhite Alley,02-035-2481,+57 425 368 9034
1857546202,Wallie Tesoe,183 Golden Leaf Street,80-559-1354,+86 562 932 8234
0768106575,Milicent Fleckness,5473 Corben Way,10-266-7991,+385 440 196 5599
6066990721,Binky Milillo,242 Ridge Oak Point,38-799-1876,+86 676 586 3331
1515753832,Emilie Eggers,7371 Oakridge Park,03-151-9614,+52 258 793 7927
8889690909,Nicola Lockery,1102 Veith Road,94-216-0570,+972 480 179 4962
8427784902,Briant Christie,0982 Schmedeman Trail,16-993-7822,+62 736 232 4328
3621227040,Cornelle Van Geffen,49 5th Terrace,82-670-3692,+46 362 614 4573
0039245179,Geneva Sugar,2 Autumn Leaf Alley,21-646-9698,+86 965 169 6125
5967947388,Sallyanne Broad,0 Spenser Center,40-112-8629,+62 495 482 5609
4084746606,Marwin Paffitt,80648 Oak Valley Center,26-508-9194,+86 702 734 5263
4016395461,Janifer Haug,4 Surrey Court,93-426-0215,+212 101 927 9917
2540796915,Brenden Steers,7 Buena Vista Way,67-314-9546,+86 190 578 6825
2731783478,Nico Bryan,82 Browning Park,43-627-8561,+86 782 223 9880
4938479729,Caryl Boothebie,1 Gerald Terrace,17-842-4885,+226 704 872 6723
7562396213,Cosetta Giraudo,762 Jenna Center,72-978-2624,+591 669 536 4754
7157738414,Carl Neeve,860 Kensington Parkway,59-588-4555,+1 618 188 5439
9990989834,Bartlett Mingard,4844 Westridge Avenue,27-090-9682,+48 655 802 4035
3060548889,Britni Winkett,1 Maryland Crossing,86-863-2742,+595 558 989 2608
9672739362,Brigg Passie,89717 Sauthoff Way,55-259-8941,+48 352 215 3593
8479154713,Sharl Boatright,63 Sunnyside Hill,30-888-1704,+86 895 180 2988
0109755499,Yule Hebditch,42712 Cambridge Place,22-748-3381,+351 785 797 9998
8431149582,Swen Oxenham,04 Veith Drive,18-844-9888,+86 473 492 7525
1188179128,Adolf Braunton,442 Hanover Center,32-410-3607,+62 111 424 0332
9158221255,Rycca Presnell,378 Veith Plaza,29-321-8384,+48 735 220 1457
0393798542,Josias Cabena,3 Meadow Ridge Plaza,70-797-0122,+86 734 447 3662
8419225940,Marika Elsmere,35 Morningstar Plaza,71-233-6552,+7 232 837 9503
8563152181,Curtice Bullocke,11667 Calypso Park,36-055-7615,+7 794 569 7928
2518808337,Elliott Fogg,1 Monument Park,36-258-3678,+52 811 569 0263
5883789072,Theo Eveleigh,5583 Golf View Trail,26-709-6743,+86 966 871 4117
6252364401,Robers Lawrinson,2627 Almo Terrace,69-174-8300,+51 570 348 3001
9228661992,Vale Pybworth,112 Thompson Lane,26-780-9986,+93 996 279 1276
4776636980,Trixi Hammarberg,9 Russell Park,13-425-1025,+86 896 353 6344
9828205645,Roby Salvadori,18 Cherokee Lane,50-395-3864,+92 465 690 0611
3443152600,Fayth Fitzpayn,6 Mayer Junction,70-567-4372,+976 385 936 5597
4992904122,Sibbie Lenox,82 Linden Street,54-908-2253,+66 869 778 7142
0118955349,Maurine Le land,577 Goodland Lane,31-936-1243,+54 594 137 1839
9427893710,Tabby Carvill,89 Heath Street,89-330-5009,+95 236 923 7655
9319118469,Elna Cerman,153 Eastlawn Junction,32-932-6648,+57 366 121 9456
0953869164,Anson Pay,79 Arrowood Junction,59-543-9430,+355 400 386 0307
3258705925,Pearce Unthank,0 Mosinee Avenue,23-932-7802,+7 775 840 2242
7623982893,Carroll Mullan,539 New Castle Pass,07-835-5843,+81 591 232 7347
0593154800,Lucilia Dreinan,344 Lighthouse Bay Way,01-601-0818,+62 940 345 5142
3654636543,Mikey Gillmor,649 Packers Point,21-201-5618,+54 432 660 3783
5447316022,Odessa Trevallion,067 Kinsman Way,58-448-2210,+62 159 703 7382
7570362349,Mal Espasa,1747 Schmedeman Circle,46-532-0838,+234 812 505 3956
2448228949,Theressa Amber,840 Oriole Street,01-836-4477,+380 614 776 2586
9562847772,Aundrea Limon,4719 Dawn Street,07-661-0011,+7 784 632 4661
5222155986,Christan Janu,3 Cambridge Road,04-414-3359,+86 872 440 3678
9334946121,Josie Kleyn,3 Sunfield Park,79-477-6131,+7 152 202 4854
5793698248,Michele Smoote,808 Victoria Pass,31-853-5540,+380 247 315 9942
9927796862,Farand Schimke,13 Reinke Pass,50-909-0521,+66 520 751 5940
0784005222,Saul Danilchik,070 Dottie Terrace,44-545-5982,+1 875 733 6546
8931298056,Clayborne Thacke,0880 Sunnyside Parkway,51-156-9839,+7 415 819 7269
4480196773,Peder Grumley,098 Lakeland Circle,20-678-0404,+58 877 195 2598
0837233895,Richard Joslyn,24830 Graceland Avenue,42-672-2224,+62 967 569 9478
9977699038,Randi Brewett,35 Saint Paul Drive,76-258-4865,+62 203 589 9756
8122410219,Ira Gumey,550 Warrior Crossing,30-440-3085,+598 417 314 5941
2250570558,Kessia Paish,98571 Amoth Point,80-329-5455,+54 409 917 5123
3337176534,Jamey MacCoughen,28176 Ridge Oak Parkway,14-259-0230,+1 203 421 5923
5184043985,Ellynn Bento,6 Kennedy Terrace,75-540-8930,+56 634 818 4671
9002921934,Nat Muglestone,209 Prentice Avenue,38-683-0968,+33 166 448 9377
9202336741,Durward De Cleen,723 Messerschmidt Hill,49-735-0529,+994 761 956 7715
7179518670,Care Gadsdon,673 Menomonie Alley,88-238-4851,+86 936 451 2831
5025840740,Guntar Riatt,75344 Coolidge Court,49-738-2944,+86 555 937 3453
5845598168,Sarette Ivankov,4 Golden Leaf Pass,12-536-8116,+63 270 470 1921
7726922893,Fianna Blodg,37552 Hazelcrest Road,89-776-1705,+55 985 255 0049
8482421190,Joelynn de Clerq,99 Gina Street,28-119-5553,+251 625 907 4417
6898710966,Marilin Lagne,1 Mitchell Center,17-754-8372,+63 398 818 9671
5904430655,Yoko Seer,44720 Kropf Hill,08-501-7933,+62 203 256 4321
2227071923,Grissel Authers,006 Thompson Crossing,29-358-9010,+55 751 289 4878
7740946265,Shaun Bachmann,0787 Toban Trail,51-871-7439,+48 704 250 2000
6226496878,Waldo Keyme,25819 Sutteridge Drive,58-054-5085,+7 224 206 6115
8891634883,Jorey Rodolico,1 Hoard Place,81-186-1620,+86 536 961 5364
6047575595,Fred Malec,00175 Manitowish Trail,24-569-8716,+63 938 563 2825
1586929089,Kattie Frankema,196 Thompson Avenue,18-670-6747,+62 329 211 8276
7467299958,Jody McArthur,46 Lunder Park,41-418-2972,+33 758 757 1368
8200883167,Malchy MacGorrie,2 Jay Lane,41-998-4784,+66 209 903 7933
1725114771,Graehme Worthington,8 Vahlen Crossing,01-374-7676,+86 123 838 9632
6983818644,Kali Bruck,5869 Corben Place,08-886-8678,+86 144 903 1107
4134280338,Christoffer McPhater,4795 Annamark Parkway,57-146-6002,+27 622 282 3489
4608302310,Carlyn Jockle,75 Oak Valley Lane,57-369-2975,+62 355 897 1952
2573597644,Dody MacWhan,6497 Rowland Hill,52-362-4612,+81 426 906 0762
5776658845,Celestyna Bossel,785 Bartillon Avenue,31-620-4015,+263 784 120 1691
7889269846,Orelee Guymer,3623 Mallory Street,94-796-4441,+57 788 264 7649
6662856967,Violetta Berzins,796 Brown Alley,99-453-1888,+95 641 899 4911
3588633286,Lorettalorna Aronovitz,6 Butterfield Crossing,79-885-0334,+1 571 459 2161
4813356621,Willis Gadesby,56740 Magdeline Way,77-143-8502,+86 961 653 4997
2719958662,Ephrem Berge,6172 Glendale Way,50-993-9787,+84 979 650 6356
1457087235,Loria Mc Harg,264 Schiller Parkway,55-331-3650,+7 262 726 6741
4373946833,Stacy Esby,6557 Crownhardt Circle,13-066-5064,+48 782 715 5109
8441824665,Tadeo Feldfisher,8 6th Circle,27-677-0210,+62 419 713 1947
8924229508,Marthe Iwanczyk,93 Oriole Pass,92-352-4546,+54 924 253 4286
8706360610,Danika Scourge,37424 Iowa Junction,59-874-8855,+57 448 898 7533
9260107598,Janaya Blankman,9 Laurel Circle,78-607-0989,+420 301 765 3435
6215394378,Leanora Liveley,422 Hudson Trail,00-569-1316,+86 847 635 7556
3345232502,Glenn Bromont,852 Village Green Junction,86-174-6821,+995 462 497 9974
2339475813,Ajay Dodding,7 Redwing Crossing,68-238-6963,+7 612 693 4818
4504680912,Bryan Hemmingway,8568 Lunder Place,03-917-6916,+86 391 570 3651
9089784373,Cornelia Seagood,2351 Laurel Parkway,90-649-0609,+1 856 308 6742
4140540141,Lammond Hugh,51 Ilene Road,01-694-5209,+46 819 798 0587
0199950180,Selie Rolfi,150 Kropf Lane,33-461-8775,+66 370 640 9787
1976103509,Hew Linny,40846 Dunning Parkway,85-432-9391,+62 353 557 0989
2956646095,Felix Gristock,3118 Delaware Center,73-525-8220,+7 245 899 2326
3769042891,Katti Boissier,2 Packers Plaza,96-563-2380,+236 911 972 3625
8408893181,Agata Crosio,889 Nobel Terrace,71-414-7721,+509 155 450 7948
5254934042,Bastien Bottini,37222 Lukken Junction,94-460-2430,+86 489 301 1658
7246852646,Delila Pagett,170 Stephen Drive,70-189-8224,+54 221 773 5392
2105341942,Gilligan Edney,6 Eliot Crossing,56-429-6568,+84 251 892 2228
5877158570,Sukey Winchcum,4 Stuart Junction,20-202-3504,+86 952 114 0907
1536019984,Tanner Dickon,52 Charing Cross Road,05-794-8799,+66 133 128 1695
3427384705,Pepe Shakeshaft,9100 Jay Place,19-381-0749,+504 621 355 8775
0347680305,Russ Insole,02463 Ruskin Pass,29-532-5994,+63 828 417 2698
1971076791,Cathrine Gillson,1 Westend Way,64-161-9615,+351 415 736 4939
5738627210,Jaine Featherstonhaugh,4 Gerald Court,54-268-6124,+267 818 587 9897
6280540421,Deerdre Rait,0716 Buell Point,91-968-7645,+234 194 105 5931
6694513925,Eartha Moulsdall,235 Hermina Trail,40-901-2208,+86 570 596 2925
8211508486,Krysta Breheny,8122 Messerschmidt Drive,75-902-8691,+62 279 960 1473
9111364645,Eadmund Clampton,5 Bartillon Trail,37-450-1052,+880 729 793 3930
7073666722,Jack Hiner,652 Vahlen Drive,98-383-0977,+86 601 355 2331
6319962216,Marge Cammock,3729 Lunder Place,56-626-6131,+62 678 175 5227
8782331057,Camel Skeats,53944 Tennyson Court,32-243-0643,+48 694 988 1307
9953736154,Alla Kleinlerer,91 Oak Valley Terrace,86-691-0288,+63 340 402 0618
8362900911,Constantine Bardsley,2200 Old Shore Street,01-292-8209,+86 166 794 0913
4615270313,Hasheem Kuschke,585 Gateway Road,10-564-5690,+385 669 340 1261
5789580068,Mischa Hanby,71 Lien Crossing,29-362-0463,+63 302 657 8512
2848877340,Lyn Rudkin,4 Nancy Plaza,82-157-3660,+86 736 161 8379
7783094724,Barbette Vaines,935 Lien Pass,10-627-6251,+54 541 984 7792
2857479190,Nadine Emney,680 Old Gate Terrace,86-699-6800,+86 940 263 2286
8800308767,Nealon Reinbeck,292 Walton Circle,98-903-8185,+62 638 794 1742
9623485573,Derby Cookley,80525 Brickson Park Circle,66-423-9482,+62 423 781 3720
6407072778,Nora Mulmuray,599 Stang Drive,11-759-8435,+63 356 316 3312
9024799511,Alexandre Bearward,92 Elka Street,80-565-7773,+62 650 232 9728
1919452583,Emalia Martinet,29500 Bayside Hill,64-173-1726,+351 144 704 5705
6812915637,Patrizius Lippatt,833 Roxbury Court,60-933-3055,+994 426 258 5748
5970601179,Mirabel Jochanany,10724 Farragut Road,12-409-5771,+48 603 503 0394
2890126234,Vonni Caillou,74628 Manley Alley,38-743-9560,+380 297 314 9151
0270809422,Elbertina Oliva,5272 Fieldstone Avenue,15-561-7999,+66 417 788 3598
9103886034,Pembroke Endon,0 New Castle Lane,15-615-7181,+353 991 561 7366
7926542318,Si Brunsden,135 Lerdahl Avenue,70-002-9596,+60 219 816 1964
3938735864,Caria Spaxman,021 Hallows Street,49-105-1360,+63 856 230 0229
0146220773,Dorise Eard,1 Veith Way,25-588-9199,+57 100 373 9104
2931675040,Terry Bartholat,5917 Orin Road,45-761-6903,+48 833 683 6252
6568026069,Johanna Guillot,7 Bashford Circle,04-535-2119,+55 144 681 3046
5203212481,Consalve Spencelayh,5831 Eliot Street,25-901-8768,+1 614 825 2819
6967536729,Gregor Fadian,7429 Anderson Point,46-027-2195,+62 447 470 9350
7334015835,Gabie Pynner,2202 Hauk Trail,37-029-5037,+960 143 142 6809
0195715799,Analiese Priestman,42 Mcbride Junction,15-710-4754,+48 376 406 5993
9566177410,Ashla Brugsma,1 Knutson Court,63-786-1903,+86 253 777 6229
5934397958,Lyssa Colbridge,349 Kenwood Pass,18-121-8866,+30 424 323 4546
6347892278,Antons Dines,8 Paget Hill,32-929-1433,+86 424 998 3795
9286993110,Sunshine Kerins,36 Northridge Terrace,78-927-9877,+7 550 665 3665
2929318147,Barbe Challiner,8 Briar Crest Lane,46-516-3396,+880 207 288 8586
2696495874,Tate Eldridge,22 Glendale Crossing,52-489-3621,+63 499 298 7234
3330445971,Maxie Stanluck,04510 Ramsey Pass,53-796-2048,+506 650 786 8437
8238927307,Idalia Cridge,7 Fallview Lane,51-513-6311,+63 257 487 1909
4873065828,Shaylynn Syratt,70 Moulton Trail,34-015-0951,+27 939 709 2788
6017369040,Kelly O' Finan,2 Meadow Ridge Road,95-957-8677,+54 977 681 7769
6418615956,Verine Gummery,4750 New Castle Alley,37-874-9548,+86 883 195 5329
5559051292,Edyth Horsey,0992 Judy Junction,35-667-2616,+963 371 402 6098
0233428852,Greer Farriar,64 Charing Cross Street,32-312-6789,+506 253 811 2074
8183639275,Jania Bannell,8 Crest Line Drive,25-653-7076,+970 891 149 6491
1022201204,Alisander Moffatt,459 Jenna Avenue,29-396-5351,+351 787 152 7361
8953483581,Evin Woodburne,48 Continental Circle,35-453-7027,+57 981 996 3720
6772199170,Shell Lilywhite,187 Jenifer Park,20-973-4201,+504 743 201 7074
8571584826,Freddie Shutle,20 Prairieview Drive,48-274-4429,+971 137 107 1742
7175294239,Marge Brookwell,4170 Morrow Trail,07-411-1070,+86 798 291 5202
5925017234,Enrica Haward,7 Westport Trail,53-008-8570,+33 855 746 4176
6477065371,Lyell Coggan,0 Loomis Lane,87-004-0761,+54 804 924 6251
0242041000,Martin Mogford,121 Killdeer Circle,33-943-1638,+62 725 494 4279
0858983923,Traci Bolmann,587 Elka Parkway,88-168-6747,+1 257 835 6744
4593630908,Gerhardine Last,05550 Bowman Parkway,56-621-1878,+506 326 878 5686
5436397344,Shoshana Bridgement,6944 Autumn Leaf Trail,59-362-6553,+7 147 838 5725
2526758963,Aurlie Pauwel,2 Northwestern Junction,40-726-8756,+358 471 140 0920
2954022442,Margalit Saker,32 Nancy Court,89-335-2111,+86 241 514 2797
0166523100,Barbie Praton,0 Ilene Court,39-383-0634,+48 839 509 6044
7745950643,Harriet Polin,1 Scofield Hill,02-735-5664,+20 100 796 9135
5236210518,Kelcy Pouton,5 Comanche Place,63-339-8520,+47 274 327 9170
3237054224,Darci Casement,0 David Alley,71-388-3533,+358 645 133 9796
2946328619,Lavena Hunnicot,6 2nd Crossing,44-205-8749,+48 648 190 0024
0968500293,Bobbee Coper,54564 Canary Alley,41-060-5418,+63 457 450 8464
4186105456,Francklyn Rastall,6132 John Wall Park,09-711-7414,+86 446 725 2391
2784477290,Elianora Tonn,52 Lotheville Center,13-127-5615,+55 711 598 0761
3068784638,Chic Haithwaite,19 Menomonie Point,45-531-1958,+62 596 129 7852
9562924947,Sybila Lupton,8815 Eagan Hill,76-638-9199,+86 893 231 6728
1405892811,Tibold Tubby,76368 Comanche Junction,72-294-8959,+86 811 355 8516
6585581539,Nicholle Telfer,63326 Holmberg Crossing,85-130-7665,+86 410 770 3468
8863973180,Sidonia Cleveland,032 Elgar Hill,83-758-6825,+218 369 343 3711
6845518440,Letisha Borg-Bartolo,70912 Blue Bill Park Street,30-600-6940,+1 517 940 8012
9368062196,Davine Facchini,9 Luster Road,67-909-7442,+7 581 189 5163
3273213418,Olva Tart,650 Kedzie Avenue,49-990-5081,+1 702 109 5723
2377780792,Marcela Moreing,859 Loomis Drive,71-287-3505,+86 338 210 2653
4150459266,Thebault Burdon,21920 Waywood Road,72-998-7543,+81 550 191 9782
0229422063,Leigh Mayward,14 Fisk Avenue,13-175-1968,+420 618 527 6689
2533063304,Davina Condie,33524 Chinook Way,82-598-0362,+31 725 638 5220
5764998875,Nil Leehane,83 Eagle Crest Court,85-133-6011,+55 310 738 5020
2324278731,Nelly Folley,8 Clyde Gallagher Circle,12-764-0322,+1 646 224 2389
6533788418,Imogene Loyns,76 Laurel Junction,90-573-0865,+62 427 564 4118
7440823370,Melonie Lethbridge,708 Rowland Center,31-984-7879,+33 244 329 0142
6243305457,Ruttger Parsons,36 Jay Pass,08-688-6963,+504 535 228 9171
7423159646,Mortimer Gard,673 Donald Parkway,72-026-5754,+351 628 764 7019
8991621880,Jasper Tuddall,8 Vidon Place,47-976-7327,+63 715 872 4161
5639887311,Gianni Dryburgh,3878 Rieder Lane,50-179-7179,+48 287 583 8625
3096542678,Katusha Cruxton,842 Paget Park,43-688-5642,+507 676 958 2402
9355244738,Neely Doget,67 Lukken Court,96-294-2097,+593 917 268 9973
7911342121,Nalani Noye,890 Crescent Oaks Hill,68-129-8457,+593 571 245 3667
0885805348,Nobie Peachman,80829 Saint Paul Center,32-661-8175,+86 838 992 4352
9186100874,Marcela McPaike,97 Badeau Pass,52-577-9112,+420 293 556 9363
5593368678,Austin Longdon,37 Erie Court,14-686-3849,+963 956 493 5223
8605631341,Zechariah Blaxley,9 Loftsgordon Hill,01-260-0522,+381 265 924 4112
5725229424,Joly Budnk,67028 Londonderry Way,19-468-4621,+33 911 587 4693
6226323213,Buiron Feehely,59 Old Gate Circle,03-805-5136,+48 801 840 3402
1896592597,Matty Back,915 Garrison Pass,02-077-0358,+48 156 756 3753
3065693984,Barney Binks,00837 Westridge Street,18-508-7573,+86 677 292 6877
2406642437,Vivien Form,42 Canary Point,49-332-6232,+241 346 826 0136
0531753700,Teriann Pristnor,1283 Forster Trail,53-579-6809,+353 610 854 9756
6043515407,Hirsch Romushkin,21 Spohn Park,50-575-5892,+241 343 490 7384
3155134097,Reginald Walder,8122 Glacier Hill Junction,39-264-8427,+993 353 491 8500
0455394660,Armando Savary,2928 Ruskin Crossing,64-772-5857,+86 687 302 4893
8186492402,Felisha Netti,81 Sutteridge Point,65-581-2001,+353 966 899 1164
6466883450,Mandy Hember,99 Eliot Crossing,75-379-8013,+86 704 593 5951
9395425326,Esme Cesco,1721 Towne Parkway,53-359-0428,+351 835 189 6550
6496211116,Lilly Tippett,513 Morningstar Hill,77-275-1665,+62 828 419 2964
5772168304,Beryl Manthorpe,1960 Fisk Terrace,43-469-8445,+351 317 389 1551
0195842537,Lionel Moorwood,959 Clyde Gallagher Avenue,31-359-9534,+227 873 998 5554
5009288680,Evie Blancowe,436 Armistice Way,28-843-9278,+62 348 962 9501
5573319736,Constantin Pendrick,26 Dayton Parkway,42-856-7022,+30 315 149 7286
0617838976,Hedwig Haglinton,212 Crescent Oaks Avenue,37-879-5708,+62 357 126 4786
6554512373,Portie Golborn,876 Walton Court,00-449-9044,+383 810 434 8049
7371775503,Hendrika Langham,44 Caliangt Street,10-526-6989,+62 943 644 7058
9130195640,Melisa Adanet,558 Everett Park,20-864-5681,+351 174 988 0008
5125068659,Ilyse Jerschke,57201 American Court,94-308-1377,+351 662 299 5435
3598495854,Georgiana Le Blond,65641 Porter Plaza,17-448-4915,+48 787 303 5235
5375103273,Meredeth Churchill,2 Fuller Street,40-920-5431,+351 224 156 2343
6986936001,Gretel Sire,326 Calypso Court,15-415-7128,+63 800 771 9016
4092486022,Bendix German,2981 Caliangt Hill,48-038-4057,+66 696 587 6795
8186874186,Devinne Esberger,3578 Maple Wood Trail,43-309-4311,+351 596 792 7721
5844932544,Aarika Dawidsohn,4214 Thierer Parkway,77-147-2815,+356 819 772 4859
6541685754,Shannah Rimell,29 Sachs Junction,35-490-8932,+45 243 319 5093
3338861095,Isidora Dawton,40343 Green Alley,81-322-0784,+63 944 129 5740
5522559993,Josy Jutson,48 Swallow Hill,07-841-1494,+351 744 617 8784
9125845365,Casi Boswood,2390 Redwing Park,77-681-2165,+48 173 812 9056
2256306364,Margaretha McKeaveney,0 Montana Park,76-184-7542,+84 235 919 2746
0937215929,Tedie Careswell,8 Monterey Street,73-668-1761,+48 896 388 3488
3756410803,Joyan Meaddowcroft,28 Parkside Parkway,16-396-0801,+98 819 715 9276
9684284594,Clareta Jerrand,15 Grim Plaza,23-282-9543,+226 379 414 1103
3066154882,Brita Ericsson,03775 Melody Plaza,39-012-8638,+55 556 398 7086
5710848034,Quillan Clint,9049 Sutherland Terrace,66-155-7774,+1 719 938 2971
0081749058,Charlie Rackley,44680 Westridge Terrace,39-724-4777,+30 621 295 6877
8575229516,Isabella Coverlyn,729 David Lane,84-366-0772,+55 624 642 1823
6716475575,Francklin Ruffy,263 Sommers Place,52-215-5817,+55 757 360 0001
1818242893,Teddie Geeraert,6141 Morning Point,56-423-5483,+237 963 648 2015
3370109174,Erv Addey,1857 Swallow Hill,34-044-5532,+86 712 126 0074
8594188951,Adelle Devonshire,818 Gateway Circle,01-173-9878,+234 928 714 2724
6739818320,Smith Gohn,7989 Westport Junction,07-300-8138,+7 739 965 5698
1992067805,Aldin Gatch,5156 Barby Alley,22-963-1027,+62 643 788 2143
8899255741,Ker Feaster,5 Macpherson Terrace,25-099-9958,+62 304 637 5269
7903167383,Tiebold Rous,7174 Buell Circle,95-353-8791,+56 298 124 7251
8136751668,Torre Swyne,4 Cottonwood Center,02-454-8256,+53 112 767 7560
0668276967,Nikolas Scaife,11190 Carberry Center,94-758-9454,+55 246 892 1721
1101650125,Nana Vaudre,27 Muir Lane,87-452-4356,+420 397 808 1363
5738298195,Kalvin Redhole,5 International Point,52-966-4199,+86 832 751 6558
0163962634,Zia Menico,83 Jackson Alley,49-645-2810,+62 610 856 0269
6323446421,Yancy Braun,9304 Browning Point,29-767-0876,+420 371 148 1937
4624102002,Kiley Auguste,4 Village Green Hill,36-210-6701,+55 149 290 9044
3152080441,Rodie Crummie,3 Dawn Trail,63-737-1469,+33 951 989 4241
4476749410,Zola MacIlurick,1509 Dunning Center,72-886-8747,+62 329 530 3407
0201977230,Faythe Kerridge,3 Northwestern Point,18-067-3651,+62 548 133 3390
3680773145,Boyce Stockwell,42 Comanche Circle,86-739-0619,+62 652 290 1769
3902506709,Greta Dykes,1675 Sage Lane,22-037-6105,+264 551 682 8929
9088744203,Danit Elwyn,1 Graedel Pass,07-325-7703,+93 703 260 3001
6701138616,Renate Androlli,8465 Linden Pass,27-087-7524,+86 919 800 7843
4221233591,Ibbie Timlett,5060 Hallows Street,88-312-9924,+382 651 638 0335
3944177436,Nathalie Jankovsky,5 Buena Vista Junction,48-066-3463,+62 257 510 3014
8977524814,Saba Luxmoore,9 Browning Lane,48-078-6835,+381 478 126 4632
0277049032,Christalle Mebs,3 Moulton Terrace,40-408-7617,+93 725 858 4982
4196203299,Edie Rizzelli,1522 Melvin Hill,07-465-5385,+62 345 984 2146
6917191353,Patrizius Leckenby,9825 2nd Road,66-323-9146,+420 664 823 3051
3539333738,Storm Barratt,6013 Butterfield Plaza,30-853-5477,+375 655 163 4110
9594039868,Peder Gietz,90 Briar Crest Park,36-882-8036,+31 877 664 1030
6437907363,Rosalinda Yerlett,5 Petterle Alley,26-013-0536,+62 479 725 3378
8407682500,Germaine Pilkington,5485 Mcguire Alley,83-141-8167,+54 263 803 3326
4391591871,Claribel Gareisr,796 Pennsylvania Lane,58-333-8404,+86 664 345 7765
9089023526,Charmain Lorenzetti,3 Nova Terrace,27-589-9464,+86 827 281 2821
1498386474,Yolande Gander,848 Randy Place,54-990-9778,+62 412 778 0825
8635324773,Vinny Dearnley,31434 Carey Road,74-173-4141,+56 702 327 7031
9488471948,Jacobo Wimes,070 Derek Street,64-887-6253,+86 708 143 7709
1399464701,Raff Kibblewhite,6 International Junction,21-508-9393,+55 726 595 9773
1892427451,Joelle Yanele,35417 Sherman Hill,46-389-0862,+351 415 210 2675
0981416675,Johnathon Fahy,0930 Southridge Circle,76-980-4788,+382 793 751 2062
0719052254,Whittaker Leathart,3 Bonner Circle,48-224-7375,+55 802 935 9878
7325328095,Daisie Efford,0 Schlimgen Road,63-107-3221,+63 267 601 4411
7795477704,Grantham Hanster,15588 Gateway Street,83-772-7289,+258 300 174 0657
6009610648,Cristobal Hariot,85193 Nobel Way,16-828-6427,+7 645 920 7556
5940661998,Shelley Britton,8 Acker Parkway,57-002-9350,+48 872 627 7714
4345119952,Sidney Marlowe,6232 Bluejay Terrace,70-503-6870,+228 694 773 7068
8787291231,Camala Tchaikovsky,58189 Old Gate Hill,14-461-7217,+57 200 590 1951
4395176003,Bonnee Britner,4255 Manitowish Place,52-846-9496,+86 674 692 9754
3946662838,Barbie Matthensen,711 Stone Corner Lane,11-318-3227,+55 519 193 2204
7084611819,Ricardo Thewles,04357 Carberry Parkway,18-004-7969,+62 981 432 3114
4516928353,Zita Stronough,93292 Holmberg Trail,71-563-5534,+357 626 148 0916
1898477809,Olenolin Oldford,6447 Montana Pass,38-915-7937,+86 345 210 4470
3477341139,Lottie Scutching,9947 Sachs Point,28-620-1001,+33 172 931 0794
9267756338,Rand Seemmonds,1546 Westend Place,37-809-3915,+7 671 607 3169
9327520017,Efren Nevins,9921 Bartillon Center,44-133-8008,+55 703 833 6556
7494199934,Goldina Glandon,369 Scott Way,40-641-3589,+353 735 761 0167
6309538586,Tessy Stallworthy,61 Vernon Street,85-380-6058,+7 408 343 3043
8524184000,Job Guerreiro,8140 Arapahoe Drive,18-142-5076,+81 159 476 0762
1122195176,Natalie Caley,34 Bashford Avenue,31-419-9291,+351 655 211 7899
7977738554,Tarrah Renfield,4 Kedzie Avenue,34-523-4595,+62 942 873 6192
6104579841,Jannelle Cozzi,49634 Sachs Street,44-108-4090,+1 772 235 0495
5416756896,Harriette Grout,87 Pond Terrace,84-954-6769,+95 565 727 2085
2282793544,Laryssa Gullefant,980 Milwaukee Circle,79-147-5653,+63 888 636 1830
0044501773,Artie Klimuk,5 Duke Alley,06-978-3658,+86 189 148 1839
4170806379,Sophey MacKartan,9 Coolidge Alley,25-604-7281,+63 779 919 6123
6291149486,Pansy Dunkley,6451 Sullivan Center,87-962-6236,+51 240 654 8186
8709790772,Barclay Surgener,834 Mosinee Way,45-588-4868,+62 887 722 7070
2213900108,Kevina Jelfs,49 Dorton Circle,16-603-6815,+60 127 682 2891
1776686314,Dunstan Gwilt,1 Leroy Pass,29-423-1441,+265 361 361 1279
4405252890,Wilburt Moulding,952 Glendale Crossing,06-632-7762,+86 784 148 4537
9818744314,Washington Sarjent,26 Scoville Trail,69-737-3308,+86 676 389 8743
1132218373,Quinton Hardan,74 Loeprich Court,14-804-8558,+33 557 336 8885
1550872648,Giorgi Foresight,453 Vidon Crossing,92-157-0793,+358 606 468 6638
2943772607,Robena Piburn,3 Del Sol Point,07-490-6833,+84 981 451 1490
8771699597,Sharity Martinyuk,466 Butterfield Lane,87-457-5498,+420 529 970 3459
6018634341,Jermayne Hembling,3 Bayside Crossing,15-500-7602,+7 151 967 0682
4319454693,Paulie Spofforth,22978 Buell Point,98-231-2903,+1 312 520 9686
1933421797,Rad Brand-Hardy,39 Dakota Plaza,80-490-7918,+52 388 766 5783
1140554700,Roxie Domeny,4788 Ryan Point,61-854-3500,+1 718 821 4892
4407201274,Nedi Ettery,868 Golf View Place,88-156-2133,+92 978 418 5265
5487995796,Francisca Stockings,53 Graceland Pass,96-724-7164,+599 796 771 8692
0689597339,Ranique Fulop,2694 Myrtle Court,64-502-5324,+998 271 458 4064
9676100919,Calla Vayne,6673 Doe Crossing Circle,05-492-8087,+86 630 532 8660
5927118232,Janel Sabbatier,0283 Merry Pass,56-188-4233,+93 535 572 5640
0708084559,Moyna Adolthine,4 Welch Hill,42-454-5406,+380 973 244 9085
8138927550,Ralph Matuszynski,61 Fair Oaks Crossing,34-609-8027,+86 401 554 2643
8442638520,Elsa Eckels,52034 6th Alley,31-347-3391,+503 551 403 7306
1163574651,Javier Bassano,59965 Farwell Hill,09-629-5449,+505 931 674 2709
8867404849,Lexy Shearn,3 Meadow Valley Crossing,30-188-1532,+63 896 371 7303
1082368989,Ingram Keymar,354 Reindahl Hill,82-768-9178,+692 821 652 8052
3530484016,Maryjo Pietrowicz,055 Eliot Trail,17-275-2966,+86 861 277 4334
4314079436,Garreth Matveichev,148 Novick Plaza,45-366-5974,+998 197 145 2539
8609085325,Clara Nickerson,41640 Anhalt Way,17-104-5199,+81 799 313 1830
5413849958,Care Yakuntzov,163 Monterey Plaza,02-127-2597,+7 597 468 8896
2331873771,Evan Olive,00 Hayes Circle,17-275-2136,+60 573 328 9621
7581997383,Mirelle Colley,4078 Grasskamp Avenue,86-299-5316,+86 648 346 1206
3908083494,Cherilynn Chainey,2 Bashford Crossing,44-335-2848,+33 780 994 8875
4796305998,Hanna Philbin,79586 Delladonna Court,20-318-4077,+55 939 811 8054
1681729512,Bernadine Patman,778 Hallows Junction,92-136-4232,+1 993 508 6912
6910383540,Audie Friend,048 Hayes Circle,38-501-1572,+66 804 266 7603
4079667329,Thorsten Coronas,2 Gateway Center,82-846-9043,+86 481 205 7750
7752068462,Vivien Normavill,44469 John Wall Center,05-765-5907,+351 149 527 8443
7117472065,Estell Twitchings,672 Division Avenue,43-992-1380,+57 540 551 2160
8943057490,Redford Gomm,6991 Mallard Pass,42-918-3378,+86 295 778 7398
8540316714,Chlo Northcott,35 Namekagon Alley,10-267-7847,+55 599 935 3458
0822894157,Garrot Ianiello,9 Montana Alley,03-373-4848,+57 965 745 3342
4566175995,Ellery Balke,7491 Dovetail Pass,99-568-0235,+81 461 668 4532
4257119926,Aristotle Zuann,5067 Kenwood Hill,47-461-7934,+58 507 938 5191
1520451148,Ermengarde Ible,53921 Utah Center,98-874-0675,+55 635 581 6535
4645528998,Susy Wawer,591 Heffernan Park,07-257-7474,+86 517 258 4561
1027030688,Friedrich Prosek,5 Stuart Plaza,86-169-7820,+81 722 505 7058
9090682627,Flinn Wiggall,41 Little Fleur Plaza,48-030-0845,+51 919 140 0711
1107463246,Wilhelmine Godlee,8238 Talmadge Place,23-761-4194,+420 479 472 6366
6824667153,Adolphus Schurig,917 Dakota Terrace,45-922-4636,+976 667 803 8426
3735389252,Berton Faragher,5153 Scott Junction,14-708-1751,+1 417 699 1037
3900113904,Josephine Birdis,162 Dapin Way,51-985-7315,+62 499 262 9697
8500874600,Hillyer Gratrex,463 Southridge Terrace,10-596-1273,+86 511 802 2897
2229140558,Barbee Oxbrough,34626 Grasskamp Plaza,88-732-8650,+234 293 895 6245
9544254749,Niel Cargo,76 Prairie Rose Junction,14-226-7064,+84 541 797 3478
3457283605,Penny Whines,4 Forest Run Road,80-565-0398,+423 189 394 7447
9607941136,Goldie Sutton,073 Barnett Hill,01-408-6823,+244 533 902 4818
9503570573,Guntar Reck,781 Blackbird Center,95-797-5131,+358 451 206 0676
5470606279,Cristobal Ullett,891 Sloan Place,89-945-7740,+86 239 295 7382
7295893245,Odette Petroulis,26579 Buhler Road,30-397-1782,+86 767 809 9327
7470272003,Giana Aveyard,6 Quincy Plaza,21-033-0875,+1 586 855 9882
7808409693,Samantha Cicconetti,5301 Hudson Point,35-684-6778,+86 763 138 2964
7520754065,Darcie Simic,478 Basil Park,17-562-1029,+502 685 341 5361
4317663791,Lucius Jorgesen,5483 Vahlen Circle,03-214-2119,+7 529 327 4120
6049349010,Karmen Sheard,68998 Glendale Alley,60-550-8152,+7 802 196 5677
5692485389,Charmine Blois,4037 Bunting Circle,96-677-6630,+86 723 542 4780
9282135853,Noelani O'Currigan,31435 Hollow Ridge Terrace,48-590-9164,+86 953 953 6488
1671579550,Carita Pasby,464 Schlimgen Circle,79-406-1559,+86 640 585 2374
4416936451,Morty Fantin,31 Kings Avenue,25-184-0213,+86 385 275 2069
5900142353,Neil Santus,139 Meadow Vale Road,70-877-6499,+51 958 671 4631
2009885538,Jordana Breslane,4 4th Hill,02-804-1271,+63 884 903 1035
4836985757,Cyndia Pridmore,50 Farmco Center,71-769-8413,+55 460 477 5147
9023684877,Darnell Comolli,3 Golf Course Place,06-547-2976,+63 260 250 1184
9616077945,Kat Berrey,310 Sheridan Lane,28-602-1383,+46 831 954 8550
5413212372,Phedra Bardwell,133 Anthes Way,48-521-0986,+355 341 642 8700
5897523940,Marlane Guyver,9006 South Street,28-642-4312,+46 915 609 1844
5312949604,Stavro Kilfeder,257 Blue Bill Park Pass,12-290-6249,+86 501 521 9954
5470188493,Ilse Bowfin,760 Paget Center,51-828-7863,+92 979 322 3277
2386701212,Karrah Menault,1394 Beilfuss Center,72-406-0144,+55 872 728 8411
8976908538,Ed Van den Velden,328 Hansons Park,09-675-4585,+62 509 464 1965
2598420217,Nilson Lorraine,99 Lindbergh Court,44-157-0027,+351 680 585 6912
0829472460,Lethia Demange,1156 Dawn Terrace,80-862-9387,+86 672 348 0371
3435695188,Corey Lahrs,2 Wayridge Trail,36-708-4547,+95 136 864 2234
4933773181,Suzy Fenelon,604 Monterey Center,33-170-4265,+355 964 354 3063
0726549231,Toby Tatershall,36725 Del Sol Junction,49-177-5999,+52 857 990 6770
0855393084,Inness Florio,60 Fallview Parkway,26-749-7760,+55 407 905 7687
1796266159,Collette Anten,40338 Service Junction,05-685-7746,+62 897 298 9611
9935098427,Carl Tripcony,40278 Algoma Trail,95-516-8129,+7 773 976 5965
1634496388,Marion De Avenell,6 North Court,98-058-3856,+242 795 730 7774
5804223615,Bronny Kneel,98 Sullivan Court,26-588-2686,+62 772 172 0595
7539808624,Robers Brice,6211 Pearson Alley,95-734-7614,+63 467 880 0518
3214146254,Zackariah Eisikovitsh,1080 Fisk Road,95-571-3320,+62 856 969 0047
6285748136,Roslyn Gaveltone,6 Clemons Parkway,76-505-9937,+7 688 874 1460
1388925907,Alexandr Hynde,9819 Helena Plaza,35-540-9646,+95 752 585 6902
0472985299,Minta Gutteridge,49 High Crossing Way,84-138-9179,+44 170 140 9738
1686120400,Raye Poe,42211 Stuart Street,80-189-5738,+358 476 998 5615
7289140796,Wakefield Ends,3955 Hagan Court,12-726-4973,+86 992 877 7203
5732385150,Chane Iacovuzzi,49303 Bluestem Parkway,03-664-8911,+386 174 180 1045
9155517102,Lucine Banbury,6408 Ridgeview Terrace,32-552-6268,+595 602 361 7849
7642788118,Mina Yeardley,8 Waubesa Crossing,22-588-2810,+380 768 895 6809
9440015217,Whitman Kinner,45963 Lindbergh Trail,45-235-6727,+86 701 527 2413
4782546041,Ogdon Albon,21 Waxwing Way,40-328-1137,+351 155 922 6179
7140573417,Florri Normandale,9 South Way,10-434-0240,+86 724 147 5461
9191054567,Lennard Ickeringill,260 Mesta Crossing,25-029-4640,+351 199 721 6510
9412420234,Emmalyn Ellesworth,730 Ohio Terrace,84-282-2422,+256 765 674 0669
6188480051,Claudianus Dudding,3 Tennyson Circle,45-062-6619,+46 186 654 5683
9806055942,Alina Struttman,96 Corry Trail,52-474-4351,+63 335 348 5669
3849753956,Shaylynn Faucett,37 Bultman Alley,03-715-5116,+33 182 591 0465
9496682723,Ettie Butterfield,01072 Carioca Park,45-726-4281,+86 584 988 1336
7053225917,Tito Burrage,99672 Fulton Court,43-684-4528,+1 401 896 9134
0159373298,Gardener Szymaniak,0 Waubesa Court,35-159-5046,+27 341 161 7024
3294402732,Brianna Enrrico,4082 Clove Way,19-833-9116,+86 677 840 5108
5949305566,Guillemette Fosberry,553 Fisk Lane,70-915-1252,+62 542 551 3334
8969188711,Cort Banes,95 Tony Parkway,63-923-5022,+27 252 421 2405
3403935752,Phedra Ventum,029 Crownhardt Junction,80-881-6182,+7 598 792 8498
8399228389,Rebeca Mannooch,173 Oriole Hill,18-374-9040,+420 760 402 9097
5543814119,Kriste Aldam,89539 Sugar Junction,03-053-6395,+351 267 191 0284
9532301763,Raynor Tapply,059 Kennedy Plaza,31-627-0430,+235 826 948 7815
5460157579,Armstrong Slayny,865 Pennsylvania Terrace,70-409-2066,+7 544 934 2139
5127296578,Lanna Ary,558 Jana Alley,68-001-9205,+63 190 259 7903
9178360072,Neils Ricardet,797 Warrior Street,61-332-6865,+54 295 138 3495
6089313718,Earle Philps,97222 Brickson Park Circle,80-932-8759,+62 909 285 9613
8636273846,Janelle McCorkindale,33114 Hauk Lane,07-989-3449,+86 315 495 2262
1454714808,Daryn Van Arsdall,8 Rowland Avenue,09-334-9067,+62 819 206 8583
5337283332,Quincey Pover,7378 Parkside Crossing,34-929-6249,+86 956 246 3114
5190927261,Aleen Caps,516 Old Gate Center,74-667-9557,+880 564 614 2231
7294679959,Giorgia Twentyman,82 Independence Pass,61-690-7964,+86 129 476 8397
5931782478,Nomi Piggrem,12247 Bartelt Circle,78-298-2310,+62 716 665 5614
8277515847,Tawnya Buxey,7735 Forest Dale Parkway,62-365-9840,+55 757 631 2765
0098563750,Fayth Wearne,4940 Vidon Point,00-336-9493,+7 480 775 7717
2385042983,Kelwin Kacheler,5 Fordem Circle,27-522-6948,+967 765 573 4283
2730363556,Kriste Hele,68469 Aberg Trail,85-069-3580,+46 247 284 5122
9036227623,Linnet Bowstead,145 Kinsman Center,12-217-7373,+86 372 605 3777
1992160260,Curry Munslow,4673 Clemons Way,83-022-7168,+62 110 401 7289
2031598953,Donnell Stigger,9539 Dayton Park,15-896-2576,+48 790 420 5074
4027849884,Kane Ceschelli,778 Huxley Trail,53-402-7106,+62 813 479 1867
2201950563,Standford Compford,3042 Cody Road,36-201-3600,+57 103 392 2483
9309905212,Wilbur Borel,9 Meadow Vale Way,69-935-1824,+55 886 894 4303
3840253381,Valera Moorwood,85 Thierer Trail,80-475-6800,+970 638 982 1882
9738914361,Ossie Sunner,91636 Forster Court,75-362-5243,+62 202 411 0819
3474729187,Corrie Narrie,080 Hoard Circle,24-707-8514,+86 963 559 6303
8144145895,Audrey Sheeran,00 Londonderry Junction,48-028-3242,+33 764 123 9479
1650147139,Marchall D'Alesco,7519 Ronald Regan Terrace,36-236-4683,+48 788 678 1834
1424603471,Rickie Grammer,7 Redwing Terrace,52-885-9555,+55 345 223 1312
9305603475,Ezequiel Jacke,9158 Schlimgen Avenue,16-505-2976,+62 854 772 2306
6657819153,Brew Bebbington,9461 Kipling Street,80-533-6449,+54 750 640 3226
4622316420,Flory Grimwad,82 Jackson Street,86-830-1339,+86 181 850 2854
9424187904,Renado Dootson,1434 Troy Way,37-564-3338,+383 474 332 5967
9416602361,Domenico Strathe,97 Saint Paul Point,81-610-9184,+86 991 127 6825
5165165841,Clemente Sandys,67 Morrow Circle,97-776-4290,+92 674 347 4361
5080163712,Fitzgerald Wileman,284 Melvin Terrace,63-242-4804,+351 689 759 0773
6592555734,Francois Flecknoe,442 Bellgrove Trail,08-127-0931,+226 819 636 7569
4491009562,Rancell Lainton,5 Pine View Way,24-591-7197,+389 557 617 3154
3452381269,Ezequiel Bedell,35 Blaine Avenue,21-087-0321,+64 320 283 0099
8718609880,Christiane Engelmann,12729 Monica Parkway,21-395-0598,+86 482 614 1556
6350751957,Romola Shallow,14677 Riverside Point,36-278-4548,+352 507 183 1073
9428866903,Elnora Utley,75 Canary Terrace,70-529-7730,+220 729 358 4597
9592066981,Isac Leeburne,6 North Circle,36-588-4708,+7 872 727 0259
6355789413,Adlai Reddy,5793 Clarendon Lane,28-335-8944,+46 388 955 2895
3430421527,Silvio Bugdale,9 Lawn Way,10-303-4007,+7 944 702 6495
0075126613,Stern Shatliff,407 Kensington Avenue,84-171-8988,+1 205 813 4811
7929375420,Jordan Linning,6896 Magdeline Court,96-451-7936,+86 294 162 2767
1502197154,Gherardo Apark,41547 Forest Dale Point,34-010-3540,+505 676 509 9205
1496579208,Phaidra Dochon,3 Main Plaza,84-005-8445,+48 943 722 5229
5541349478,Andee Claybourne,72706 Scoville Parkway,93-782-3920,+55 525 661 8892
3168230650,Jarvis Odam,9 Elgar Place,28-672-9323,+261 464 882 3261
3399538723,Mellisa Martinez,08 Menomonie Parkway,81-074-2994,+86 232 155 5008
3694822208,Stevie Barniss,9 Sachs Pass,22-723-6876,+46 504 768 6207
5737433838,Jodi Lampel,153 Hooker Court,27-230-6051,+7 165 185 8243
9114922975,Arron Keward,633 Aberg Way,98-456-8702,+86 179 973 5069
3676049888,Berny Kaes,6723 Sycamore Alley,08-169-5264,+691 771 303 3030
2952002215,Fleming Gavrielli,23776 Thompson Pass,09-661-0116,+62 555 841 9012
0655197540,Julianne Wasiela,8595 Schiller Center,92-782-5974,+46 582 195 3130
5280589179,Jesse Benedyktowicz,792 Ohio Drive,83-413-9101,+49 733 901 1358
4197774168,Lulita Frowing,7351 Stone Corner Trail,25-962-5401,+55 812 377 3402
5745945664,Saloma Crowdy,1058 Welch Street,30-490-6018,+385 690 777 6445
2631946375,Petr Antcliffe,5724 Waxwing Crossing,40-037-2296,+1 513 270 8261
2818345960,Bradley Dorre,4 Nancy Plaza,63-824-8513,+62 854 119 0930
4988400484,Kermit Cheetham,64907 Garrison Lane,65-350-2404,+84 312 362 5364
3029178153,Tomaso Toquet,47663 Banding Avenue,07-859-5980,+86 556 808 1687
2434798705,Elroy Meriel,356 Moulton Street,00-675-3188,+55 541 942 9158
3534409744,Benni Lauder,3 Vermont Crossing,08-211-3364,+62 280 538 9454
0171509528,Klement Beebee,8659 Westerfield Crossing,69-815-7796,+86 620 813 4086
4417833117,Gretal Kelbie,47 Fallview Alley,02-036-7692,+84 882 429 0166
5362869612,Orelia Stanbra,0926 Coolidge Lane,76-247-1535,+86 546 474 3897
4114428186,Michale Giorgio,95366 Walton Pass,61-864-5049,+30 359 613 1641
2419568265,Myra Ramelet,7669 Lunder Road,93-466-4382,+232 102 208 5084
8790348397,Krystal Burberry,22115 Warrior Place,76-263-8605,+62 249 756 6552
5623704247,Ofella Clilverd,8 Cardinal Trail,77-878-4401,+972 560 133 6900
1503297284,Tyson Tousy,7 Sunbrook Trail,25-419-6905,+253 181 147 8205
0437904628,Fair Summerlad,1 Independence Road,47-814-0344,+47 221 320 8548
6440708686,Otha Goodred,85 Heffernan Park,55-647-8966,+86 118 458 5672
3394046091,Leesa Aron,533 Ryan Way,42-819-4559,+86 366 244 4671
8339216651,Kerstin Lamden,2 Vermont Terrace,54-512-8496,+27 798 973 0646
1686381239,Lynnett Glossup,929 Division Place,84-001-2614,+86 882 542 2570
6514638481,Francklin Astlett,68 Stoughton Hill,67-047-4264,+351 205 732 0857
0859269388,Lindsy Barbary,53885 Fulton Road,74-109-1598,+46 134 794 1636
8067681341,Claribel Randalston,81195 Larry Junction,64-834-3067,+86 898 795 2500
1352371596,Barbie Gergler,901 Menomonie Trail,64-381-9176,+381 686 997 8793
4890558438,Sydel Goldie,8 Nobel Avenue,21-075-0012,+62 414 372 9634
6913324707,Simonette Gerardet,29548 Cottonwood Hill,43-497-0640,+86 251 164 3486
1221382098,Marnie Tellesson,73003 Colorado Hill,27-020-2422,+82 393 520 1964
8251953162,Demott Jeffree,1202 Northview Pass,28-423-9585,+86 473 858 2879
0061581631,Sile Bleier,8094 Old Gate Avenue,90-042-7926,+1 515 286 8700
3648187759,Friedrich Learie,5855 Bunting Crossing,72-189-4406,+82 137 822 5391
1476928681,Edmund Pagen,4 Veith Pass,21-243-4724,+86 910 655 7587
9364102363,Tessi Uccelli,25 Mifflin Trail,15-727-6192,+86 639 509 2219
8235192659,Rudiger Hagger,80 Dakota Crossing,81-492-2116,+972 876 733 9123
6519246794,Archie Scally,8106 Duke Court,03-710-2132,+48 309 264 9388
8181743709,Coleman Carbett,97466 Jackson Terrace,63-274-3774,+7 971 201 0397
0648963098,Corrina Batchelour,5 Bonner Street,19-209-2114,+86 830 772 1914
9512889757,Myrta Porkiss,6 Gulseth Avenue,03-036-4124,+48 909 770 3647
9100759546,Tani Surfleet,26 Eagle Crest Lane,06-639-1536,+84 412 623 1428
6486791306,Amalita Kinchin,7364 Algoma Park,59-407-8484,+1 138 805 3918
8574158992,Alayne Keenlyside,3510 Buhler Court,38-773-8217,+63 936 824 1762
2387060229,Valaria MacKibbon,81 Ronald Regan Alley,59-585-3705,+7 923 925 8211
1137039213,Karlyn Wilkes,2 Crest Line Lane,43-280-8580,+212 841 955 3499
3834110507,Faber Spinige,1 Forest Run Avenue,23-231-4874,+33 702 525 9472
8976081617,Jocko Witt,777 Merchant Parkway,46-368-0299,+55 976 459 4416
9401542163,Kippar Ruben,9299 Sunbrook Park,85-518-7483,+420 280 609 6181
0367151499,Bendick Myford,40 West Pass,35-802-9227,+86 113 517 9027
5618013126,Rockie Hebron,88965 Warner Lane,70-023-7587,+86 843 729 4574
7105113065,Layla Dumingos,33 Eagle Crest Way,57-003-5269,+256 641 196 6809
7896037629,Lotta McAnellye,7 La Follette Avenue,57-897-4455,+55 889 721 9133
2088243992,Clem Rideout,46 Moland Point,33-768-9516,+385 508 405 8226
2764939299,Natassia Jacob,080 Upham Junction,28-024-9981,+39 141 224 6206
3805372140,Brigham Gadsden,04 Harper Junction,92-744-2650,+86 870 919 8900
2883392536,Jarvis Magill,6 Gale Park,12-209-2545,+86 769 428 2264
4687274625,Hyacinthia Dransfield,525 Iowa Alley,89-158-2787,+48 756 758 8471
2808385153,Teresita Boyda,754 Forest Run Way,79-463-8374,+51 459 637 0359
7900258868,Briana Northill,16046 Pennsylvania Street,31-941-3705,+358 398 611 7260
8272788608,Sheilakathryn Christian,6744 Crest Line Road,25-221-0874,+359 830 314 0174
6829331595,Ava Kennea,24718 Northridge Pass,46-173-0542,+86 271 738 2955
4472117533,Adolph Aikin,66 Reindahl Alley,81-736-4662,+351 593 269 8749
4329757206,Damaris Pulman,8636 Gulseth Park,14-334-8338,+963 682 241 7749
4310957706,Ellary Burlay,29312 Eastlawn Place,78-800-1847,+62 375 243 5195
1069264768,Beret Sandcraft,1 Elgar Crossing,13-437-9280,+970 264 856 9322
2371474371,Idalia Noore,739 Mcbride Trail,98-577-9979,+63 252 303 1571
8370474616,Ryann De Beneditti,6 Loftsgordon Way,56-838-9117,+82 723 591 1229
0551545925,Domenic Marishenko,58949 Butterfield Street,64-823-9698,+81 839 434 2997
7420590761,Concettina Doick,9543 Randy Street,71-424-8456,+86 385 136 1975
1764459008,Maximilien Hillburn,758 Riverside Circle,04-524-5481,+62 114 304 3158
2077686111,Bonnee Hizir,0606 Union Lane,56-042-0456,+86 571 134 9061
7364212345,Kristan Cordoba,264 Pennsylvania Hill,44-345-9891,+86 389 145 0891
9378697984,Bernardine Folca,640 Algoma Park,51-234-6297,+62 977 702 9984
1239971303,Tabb Corhard,93301 Bashford Trail,82-350-3087,+351 130 715 2199
2710514575,Garry Blackleech,43 Kennedy Hill,08-331-1086,+57 634 770 2851
3335548191,Olga Rourke,22419 Straubel Terrace,07-031-9432,+48 929 805 3519
8655817252,Dorella Bulluck,0 Kenwood Center,18-176-3735,+62 775 406 2512
6320396644,Monika Brookz,8 Del Mar Avenue,50-855-0122,+375 562 621 1951
4809783316,Siegfried Josovitz,63521 Esker Point,56-537-1341,+351 628 178 9997
3805257724,Lyell Bidwell,33284 Roth Point,53-321-9904,+250 608 726 4265
4251446437,Chastity Sleeman,52628 Lerdahl Terrace,04-075-8225,+62 338 329 0531
8493343595,Bronson Fitchell,5150 Nevada Alley,46-047-1522,+371 691 505 8457
3922052371,Ariela Summerlee,7313 Kipling Point,54-302-2211,+387 619 947 4455
4160420583,Guinna Annes,2067 Lakewood Crossing,76-441-4634,+86 485 670 4435
7737945156,Gabbie Hemshall,53 Forest Drive,46-505-3338,+220 526 994 1329
3469545243,Earle Dumphy,10 South Crossing,78-811-4091,+62 687 448 8281
8892967061,Domenic Mallinar,7 Troy Center,24-494-2692,+7 661 870 8390
4053984416,Bernetta Lowde,6 Florence Drive,53-515-1025,+1 917 377 2983
2028129344,Giustino St. John,97 Messerschmidt Parkway,64-979-1326,+86 642 980 7704
6810460659,Ivar Kleingrub,39 Evergreen Avenue,57-342-7449,+63 842 447 6411
0224996754,Debby Pybworth,2 Norway Maple Way,16-768-2990,+359 774 998 5188
6557466062,Jeanne Radolf,10 Sunbrook Trail,90-613-3059,+33 189 752 4083
8930382452,Harriett Bellison,07 Sugar Circle,05-300-5991,+52 671 474 2713
0014431068,Whitney Crace,296 Leroy Center,84-767-2861,+86 489 488 3200
4558502656,Marya Riddle,088 Brickson Park Crossing,63-012-2753,+86 273 611 8974
7060858075,Hyacinthe Ioan,7 Lyons Hill,10-478-5186,+62 453 905 8714
8434105411,Leanor Longridge,0 Moose Crossing,31-421-4670,+7 217 945 1855
8075429494,Alane Rossin,8954 Victoria Court,03-191-4922,+351 992 776 2408
1652908218,Agustin Bobasch,7 Pennsylvania Lane,85-267-2728,+62 327 981 5542
7965500205,Gillan Tewkesbury,966 Sundown Point,22-149-3440,+51 942 489 9657
0768402417,Lutero Grange,58 Reindahl Point,37-062-0919,+86 135 373 7839
9761387623,Mandi Bastistini,96 Delladonna Junction,15-091-9459,+46 556 915 6956
6880363288,Othilie Kerrich,0338 Basil Crossing,55-277-2074,+49 930 906 4414
1745128956,Deck O'Hone,669 Havey Junction,49-876-0662,+967 278 680 7860
6044710548,Terra Sissons,3 Donald Road,31-862-4701,+62 676 697 9631
8531218497,Eb Semrad,71132 Milwaukee Center,35-235-2761,+7 651 752 8456
4586672668,Dani Samms,3 Starling Street,04-322-1579,+383 886 695 1475
0568706757,Walker Howick,21486 Iowa Lane,32-047-6061,+237 735 401 3028
0084847662,Katharine MacGragh,974 Sheridan Park,79-119-4742,+86 574 570 0907
4073126067,Ollie Worlidge,589 Rusk Junction,21-711-0794,+51 520 247 3189
7971569912,Chloris Jesse,1229 Mesta Circle,09-495-6690,+62 419 346 5903
5474492162,Bobby Heed,06 Vermont Center,56-622-8797,+351 152 624 4781
4083855983,Idalina Myton,18 Pleasure Parkway,91-510-4980,+63 514 776 6762
2838531360,Sibbie De Ferrari,3 Northfield Junction,20-227-7108,+63 915 261 7960
1329888103,Barrie Ick,3473 Hovde Parkway,21-430-5478,+593 532 145 5056
7085878142,Shanie Lighten,1 Harbort Circle,75-407-5383,+82 336 918 6211
0846788012,Theodora Scarsbrooke,0578 Esch Terrace,79-800-9151,+60 539 102 3892
8925581418,Enriqueta Connal,69 Eagan Park,75-535-6196,+54 452 671 3081
1189484609,Herta Tapp,719 6th Crossing,40-522-9442,+86 901 297 9782
0979106753,Samson Bradly,80 Jenifer Terrace,69-007-2207,+55 898 991 2106
4585241205,Shelli Ottiwill,8 Graceland Trail,88-756-6699,+380 673 168 3389
7569424026,Jacquelyn Pyrton,1 Beilfuss Avenue,65-289-0222,+972 497 255 3101
8455515023,Vivianne Jaquemar,60 Old Gate Parkway,54-623-4655,+7 356 719 1306
5528209889,Gwenni Sleany,4722 Fisk Crossing,32-446-9816,+86 355 926 7823
0310631831,Nanon Gadsdon,5157 Manitowish Terrace,50-679-7383,+86 988 647 1345
8309354231,Archibold Kernaghan,364 Moose Crossing,99-770-3532,+351 500 431 4573
7679415250,Imogene O' Scallan,521 Linden Hill,46-659-2618,+31 796 922 5518
1984330381,Stewart Axston,879 Oxford Place,54-596-9793,+380 956 741 8623
2394617411,Traver Yegorovnin,78 Macpherson Terrace,23-560-2992,+92 961 858 3328
5628519936,Gerik Stannering,388 Anhalt Hill,17-420-3521,+509 351 124 6997
5428217634,Paolo Jackson,3926 Monument Terrace,69-436-7704,+1 298 967 0054
6806813682,Jorrie Hampshaw,70667 Sauthoff Parkway,60-982-3811,+30 883 413 1910
7003579243,Lenore Gaze,22 Everett Park,27-391-9405,+62 319 710 0785
1693048450,Gibb Malloch,2 Dexter Street,74-604-4822,+57 887 918 6519
1565890299,Dwight Brownlie,9752 Goodland Place,80-481-9010,+54 659 815 3830
9324108484,Alyce MacRanald,2999 Lawn Hill,66-483-5644,+269 961 692 2087
7279603742,Levon Gridon,94 Springs Hill,98-071-1809,+351 135 344 9838
4098099241,Darius Dore,647 Harbort Drive,77-585-9644,+212 943 933 3292
0245068007,Bowie Kornalik,68940 Marcy Center,99-515-6163,+33 545 425 4839
6547150763,Skelly Broomhead,002 School Parkway,19-857-3308,+48 471 761 3162
5753708749,Meyer Rudledge,8604 Mandrake Junction,78-188-9793,+255 918 997 7415
8284483211,Patsy Lamb,378 Eagan Way,37-762-6125,+972 968 279 2586
3852958466,Virgina Lidgey,14 Cherokee Lane,05-859-5171,+261 614 417 4052
1649281862,Chrissy Ferrotti,4 Talmadge Point,94-473-1445,+86 287 909 2339
7077482863,Bobine Kerner,95493 Waubesa Circle,80-655-6673,+420 644 516 8972
1086600339,Egor Walcot,20977 Arizona Way,93-797-3741,+86 401 938 9429
8559599339,Greggory Warden,59144 Victoria Court,29-023-9194,+57 592 795 9767
8891745774,Tiphany Jone,3359 Union Plaza,83-398-0301,+86 739 890 6234
0469610603,Cathrin Storks,60496 Grim Way,40-806-7193,+1 260 376 8612
0673526232,Cassondra Goodband,05 Eagan Crossing,10-897-4365,+66 644 433 1465
3461277096,Shell Callister,76809 Aberg Point,91-676-6783,+255 340 192 1466
1797767496,Celestia Baudino,37 Washington Plaza,31-086-7901,+1 982 222 4197
6606599547,Aron Egiloff,98 Nelson Crossing,63-526-3060,+86 720 126 4385
8800950884,Alric Redemile,904 Garrison Terrace,36-037-4987,+218 957 645 2682
2722315181,Elie Canellas,44440 East Place,75-561-3690,+51 504 978 3614
6201067337,Alleyn Soall,7576 Messerschmidt Place,31-605-3557,+86 487 705 7402
4336764387,Barton Cluitt,8791 Buell Place,22-549-9604,+48 318 778 9889
4735691553,Kirby Mecchi,5275 Farwell Point,58-779-6819,+81 612 191 2340
9109470255,Tab Swanbourne,197 Shasta Way,45-443-1691,+64 233 832 3152
4484250403,Dimitry Feavyour,70112 Debs Terrace,13-589-5765,+1 717 141 9781
5463503524,Dennis Schooling,851 Schurz Plaza,59-135-0487,+62 547 700 7899
6908368351,Katrina Giamuzzo,4777 Vernon Parkway,12-501-3998,+63 142 152 1099
9417422820,Laurent O'Halloran,68 Kenwood Place,33-346-7816,+63 877 400 7013
2336297655,Dallon Philpin,0 5th Avenue,86-296-1604,+33 540 841 6939
6834977066,Durante Ethersey,1 Nova Alley,78-362-4262,+63 786 969 4399
5252728305,Easter Steeples,54706 Pond Hill,38-883-6450,+380 497 351 4129
9608149681,Benetta Prestner,05369 Sutherland Circle,31-414-6978,+86 309 980 9231
6288348228,Gretna Luke,3 Merchant Place,41-317-9682,+62 550 829 5516
1098607511,Flory Liffe,108 Sugar Parkway,48-891-4354,+57 230 531 4088
7698286851,Lois Line,734 Barnett Hill,66-868-4974,+86 769 417 7100
3626844145,Lucina Wolver,2938 Norway Maple Pass,38-346-1995,+54 868 927 7166
4588249649,Benetta Petrolli,2851 Farragut Pass,57-674-0671,+351 327 637 1003
1402704070,Pansie Jannex,1 Bay Road,20-227-7910,+34 633 918 2581
6931959840,Rufe Littefair,2 Hoffman Circle,72-738-2561,+351 719 285 0268
2186172461,Domingo Tuffey,67238 Westerfield Way,24-268-2103,+62 317 934 3298
3348046963,Maitilde McCowan,9507 Cambridge Circle,62-987-8225,+27 858 328 5723
8291547475,Toma Flaubert,0567 Namekagon Avenue,06-387-8925,+52 644 546 9523
0551034637,Nadeen Gauch,332 Forest Dale Point,42-603-5769,+33 137 197 5875
1855399563,Winnie Garraway,36387 Schurz Way,25-999-8622,+58 549 288 8064
1820143171,Clemens Cardall,585 Mendota Avenue,99-301-2193,+55 923 147 2896
7933263577,Timmie Brocklebank,6837 Spohn Crossing,14-937-4486,+62 561 966 3540
4225234525,Darla Lynthal,74 Quincy Place,61-840-5455,+86 993 861 2926
2643320972,Fanechka Lermit,3 Schlimgen Avenue,36-543-3005,+7 192 268 5204
8724414980,Annetta Stenet,248 Forest Dale Circle,20-448-1080,+420 239 414 5015
3545193837,Amy Brewett,70 Kingsford Plaza,68-232-2820,+52 765 492 8293
5157164556,Sonnie Northam,3857 Meadow Valley Pass,65-399-1649,+62 927 676 4909
7475339351,Iris Delafoy,5 Fulton Court,54-062-8027,+502 856 596 3604
1982818042,Alecia Rosellini,95762 West Street,11-233-3410,+86 625 609 6622
1682696731,Christine Ravilus,01731 International Parkway,59-117-3731,+62 215 932 5585
8094733985,Maressa Ragg,70 Comanche Drive,26-118-7737,+86 900 179 4042
5807702182,Bank Hafner,4 Evergreen Avenue,27-729-1613,+86 233 362 0666
8856680734,Celka Sloat,9 Larry Trail,69-661-7600,+33 134 842 0845
8036236419,Misty Looker,1 Grasskamp Street,60-145-6700,+43 446 780 0263
3089836742,Othello Thornewill,43658 Pierstorff Way,48-690-7626,+7 986 206 5256
1633344827,Alicea Copcote,2 Hermina Court,89-667-5466,+51 567 126 7023
8962079240,Corabella Falkner,1 Briar Crest Road,24-947-6879,+86 781 805 3719
4540242199,Brnaby Widdall,36008 High Crossing Point,74-846-2989,+63 978 281 2097
9666448637,Tildy Jacques,12223 Dixon Place,86-540-0119,+81 158 739 5036
9841903784,Myca Mathes,02990 Dawn Parkway,97-948-8055,+86 530 856 0356
8490742022,Clarette Borham,37 Butternut Plaza,94-542-0492,+86 118 126 2609
0676897533,Torey Batham,8237 Kim Terrace,50-195-4158,+351 416 900 8327
4944069928,Josiah Callear,469 Westridge Point,45-793-1805,+86 903 801 0983
6724985471,Alfonso Bruckstein,2 Bowman Park,89-175-0514,+86 581 505 9319
0886609984,Lia Anyene,3738 Cascade Trail,51-323-6096,+46 748 548 5319
4526969311,Jordan Rableau,3320 Birchwood Junction,05-360-6242,+86 584 799 2456
3832761802,Letitia MacDearmaid,42421 Bobwhite Plaza,45-949-2255,+30 558 979 8932
8542796896,Suzann Ladson,6 Hudson Plaza,91-658-5633,+86 563 867 3524
6228664859,Melantha Perago,4 Almo Hill,65-692-0952,+62 692 758 2139
6469461905,Cassie Martygin,0 Oneill Center,82-482-7581,+212 498 799 7242
9016047972,Jenna Jennaway,450 Manley Avenue,75-064-5520,+212 105 239 0947
0733762492,Reilly Pulver,58505 Drewry Way,77-293-7413,+63 883 999 0512
8904041295,Pincas Kingsnod,7283 Sommers Trail,79-063-4764,+7 638 658 3294
2427959448,Garner Masding,59084 Golf Parkway,57-599-2726,+86 933 457 8118
7204636732,Elnore Hampe,58560 Graedel Court,98-053-9620,+33 862 836 2940
7560404820,Pryce Beden,7369 7th Center,90-250-8217,+967 977 824 3910
4606744367,Dalis Baynon,2136 Daystar Trail,70-126-4157,+46 768 958 5066
0880033851,Talia Fewtrell,51 Eggendart Center,55-521-1247,+994 139 838 3779
7673020556,Chrisse Mityakov,99 Fremont Street,11-166-5647,+46 576 590 0887
5247459326,Arron Britnell,54 Spenser Place,62-713-7607,+692 685 577 8837
6750972926,Lanette Getch,9 Schurz Avenue,79-090-7338,+86 576 489 1549
5048406591,Roxanna Lortzing,99496 Maywood Junction,68-530-1823,+54 661 119 9553
7644009175,Elisa Abbatt,62 Cascade Place,92-707-6078,+31 751 610 7460
2804588882,Chariot Woloschinski,1 Eagan Plaza,98-982-5741,+380 103 897 0736
9714401313,Karmen Nursey,3 Calypso Avenue,43-077-6326,+1 333 128 5813
2492552624,Zelma Kohnen,3068 Killdeer Avenue,98-794-1363,+30 391 631 7955
9161046795,Obidiah Van der Son,0627 Merrick Center,83-901-4299,+374 761 351 7391
1848572026,Albrecht Renne,87 Elmside Road,34-846-7256,+62 243 236 7884
